Pop,Year,Spawners,nFish,p3M,p4M,p5M,p6M,p7M,p3F,p4F,p5F,p6F,p7F,p8F,A3F R BY,A4F R BY,A5F R BY,A6F R BY,A7F R BY,A3 R BY,A4 R BY,A5 R BY,A6 R BY,A7 R BY,p6 BY,Return,R.S,,,,,,
UU,1977,4704,,,,,,,,,,,,,,,,,,,,,,,,,,,,,,,
UU,1978,5342,,,,,,,,,,,,,,,,,,,,,,,,,,,,,,,
UU,1979,2782,,,,,,,,,,,,,,,,,,,,,,,,,,,,,,,
UU,1980,4907,,,,,,,,,,,,,,,,,,,,,,,,,,,,,,,
UU,1981,3531,,,,,,,,,,,,,,,,,,,,,,,,,,,,,,,
UU,1982,6525,,,,,,,,,,,,,,,,,,,,,,,,,,,,,,,
UU,1983,5434,,,,,,,,,,,,,,,,,,,,,,,,,,,,,,,
UU,1984,8873,,,,,,,,,,,,,,,,,,,,,,,,,,,,,,,
UU,1985,5719,,,,,,,,,,,,,,,,,,,,,,,,,,,,,,,
UU,1986,10269,,,,,,,,,,,,,,,,,,,,,,,,,,,,,,,
UU,1987,9530,,,,,,,,,,,,,,,,,,,,,,,,,,,,,,,
UU,1988,8433,,,,,,,,,,,,,,,,,,,,,,,,,,,,,,,
UU,1989,5550,,,,,,,,,,,,,,,,,,,,,,,,,,,,,,,
UU,1990,2855,,,,,,,,,,,,,,,,,,,,,,,,,,,,,,,
UU,1991,3164,,,,,,,,,,,,,,,,142.65,13.19,,,,285.30,26.38,,,,,,,,,
UU,1992,4231,,,,,,,,,,,,,,,713.26,748.44,18.00,,,1141.21,1111.12,18.00,,,,,,,,,
UU,1993,5158,,,,,,,,,,,,,,71.33,639.63,1512.00,27.40,,1069.88,1556.22,1962.00,54.80,,,,,,,,,
UU,1994,3434,,,,,,,,,,,,,,3.30,1044.00,2548.04,98.36,570.60,2126.62,2088.00,3945.35,98.36,0.69,"8,829",2.57,,,,,,
UU,1995,3729,37,0.22,0.05,0.16,0.27,0.00,0.00,0.00,0.00,0.30,0.00,,,0.00,835.65,3442.54,178.81,1727.67,3150.00,3054.91,4163.83,357.61,0.77,"12,454",3.34,,,,,,
UU,1996,5637,154,0.03,0.13,0.30,0.23,0.00,0.00,0.01,0.22,0.08,0.00,,,0.00,1639.30,3129.12,53.81,1602.00,3671.37,3934.33,3665.54,75.34,0.65,"12,949",2.30,,,,,,
UU,1997,2970,86,0.16,0.33,0.14,0.05,0.00,0.02,0.02,0.23,0.05,0.00,,,0.00,536.42,527.35,0.00,520.57,2557.31,1609.26,1043.93,58.28,0.50,"5,789",1.95,,,,,,
UU,1998,4132,1986,0.26,0.32,0.14,0.06,0.00,0.00,0.00,0.10,0.11,0.00,,,0.00,1280.70,2098.15,92.71,2885.17,4112.55,4681.56,2884.95,92.71,0.60,"14,657",3.55,,,,,,
UU,1999,3914,980,0.18,0.36,0.12,0.05,0.00,0.00,0.00,0.12,0.17,0.00,,,10.76,947.08,2235.41,208.28,894.03,2055.58,2957.80,3883.65,267.79,0.66,"10,059",2.57,,,,,,
UU,2000,5872,821,0.05,0.33,0.20,0.12,0.00,0.00,0.00,0.07,0.23,0.00,,,0.00,648.99,3600.33,0.00,516.59,2680.96,3842.44,5385.62,0.00,0.85,"12,426",2.12,,,,,,
UU,2001,10541,416,0.21,0.19,0.17,0.05,0.00,0.00,0.00,0.12,0.25,0.01,,,0.00,1130.68,978.72,0.00,0.00,1256.78,3451.56,1669.58,0.00,0.46,"6,378",0.61,,,,,,
UU,2002,6988,119,0.08,0.39,0.10,0.05,0.02,0.00,0.00,0.05,0.29,0.02,,,29.75,2849.81,1166.33,0.00,185.43,1041.42,6649.55,2099.39,0.00,0.29,"9,976",1.43,,,,,,
UU,2003,5546,778,0.06,0.24,0.41,0.06,0.00,0.00,0.00,0.15,0.06,0.01,,,115.14,576.30,279.13,,654.61,1093.87,2085.67,444.54,,,"4,279",0.77,,,,,,
UU,2004,3963,589,0.00,0.31,0.23,0.09,0.01,0.00,0.00,0.11,0.24,0.00,,,137.22,485.89,,,0.00,1234.94,1416.33,,,,,,,,,,,
UU,2005,4742,899,0.02,0.14,0.34,0.18,0.00,0.00,0.00,0.07,0.24,0.01,,,796.04,,,,0.00,4559.13,,,,,,,,,,,,
UU,2006,5645,363,0.06,0.09,0.21,0.17,0.01,0.00,0.00,0.10,0.33,0.02,,,,,,,0.00,,,,,,,,,,,,,
UU,2007,5668,327,0.00,0.10,0.40,0.07,0.00,0.00,0.01,0.30,0.10,0.00,,,,,,,,,,,,,,,,,,,,
UU,2008,3104,395,0.00,0.20,0.28,0.17,0.00,0.00,0.03,0.11,0.22,0.00,,,,,,,,,,,,,,,,,,,,
UU,2009,3157,621,0.00,0.59,0.14,0.03,0.00,0.00,0.12,0.08,0.04,0.00,,,,,,,,,,,,,,,,,,,,
UU,2010,4854,492,0.01,0.23,0.37,0.03,0.00,0.00,0.02,0.29,0.04,0.00,,,,,,,,,,,,,,,,,,,,
UU,2011,3272,550,0.02,0.27,0.41,0.04,0.00,0.00,0.04,0.19,0.03,0.00,,,,,,,,,,,,,,,,,,,,
UU,2012,,449,0.04,0.49,0.11,0.07,0.00,0.00,0.10,0.11,0.06,0.00,,,,,,,,,,,,,,,,,,,,
UU,2013,,383,0.06,0.31,0.23,0.08,0.00,0.00,0.01,0.24,0.05,0.00,,,,,,,,,,,,,,,,,,,,
SK,1975,,0,,,,,,,,,,,,,,,,,,,,,,,,,,,,,,
SK,1976,,0,,,,,,,,,,,,,,,,,,,,,,,,,,,,,,
SK,1977,,0,,,,,,,,,,,,,,,,,,,,,,,,,,,,,,
SK,1978,,0,,,,,,,,,,,,,,,,,,,,,,,,,,,,,,
SK,1979,,0,,,,,,,,,,,,,,,,,,,,,,,,,,,,,,
SK,1980,,0,,,,,,,,,,,,,,,,,,,,,,,,,,,,,,
SK,1981,,701,0.00,0.02,0.07,0.28,0.00,0.00,0.00,0.13,0.49,0.00,0.00,,,,,,,,,,,,,,,,,,,
SK,1982,,578,0.01,0.03,0.09,0.34,0.01,0.00,0.00,0.08,0.42,0.02,0.00,,,,,,,,,,,,,,,,,,,
SK,1983,,231,0.08,0.21,0.16,0.13,0.01,0.00,0.05,0.18,0.16,0.00,0.00,,,,,,,,,,,,,,,,,,,
SK,1984,,56,0.14,0.39,0.09,0.14,0.00,0.02,0.07,0.05,0.09,0.00,0.00,,,,,,,,,,,,,,,,,,,
SK,1985,,20,0.10,0.60,0.05,0.05,0.00,0.00,0.00,0.10,0.10,0.00,0.00,,,,,,,,,,,,,,,,,,,
SK,1986,,360,0.01,0.08,0.12,0.23,0.00,0.00,0.00,0.18,0.38,0.01,0.00,,,,,,,,,,,,,,,,,,,
SK,1987,,375,0.01,0.04,0.17,0.27,0.01,0.00,0.00,0.08,0.41,0.01,0.00,,,,,,,,,,,,,,,,,,,
SK,1988,,0,,,,,,,,,,,,,,,,,,,,,,,,,,,,,,
SK,1989,,0,,,,,,,,,,,,,,,,,,,,,,,,,,,,,,
SK,1990,,0,,,,,,,,,,,,,,,,,,,,,,,,,,,,,,
SK,1991,,0,,,,,,,,,,,,,,,,,,,,,,,,,,,,,,
SK,1992,,0,,,,,,,,,,,,,,,,,,,,,,,,,,,,,,
SK,1993,,0,,,,,,,,,,,,,,,,,,,,,,,,,,,,,,
SK,1994,,0,,,,,,,,,,,,,,,,,,,,,,,,,,,,,,
SK,1995,,124,0.00,0.21,0.14,0.17,0.02,0.00,0.00,0.11,0.32,0.02,0.00,,,,,188.87,,,,,251.83,,,,,,,,,
SK,1996,28787,663,0.00,0.03,0.34,0.13,0.01,0.00,0.00,0.31,0.17,0.01,0.00,,,,25938.40,160.37,,,,36011.57,400.91,,,,,,,,,
SK,1997,26808,1496,0.01,0.03,0.15,0.25,0.00,0.00,0.00,0.11,0.46,0.00,0.00,,,6610.51,10370.32,126.17,,,11458.23,15796.03,283.87,0.61,"27,538",1.03,,,,,,
SK,1998,25779,182,0.00,0.04,0.11,0.24,0.01,0.00,0.00,0.16,0.43,0.01,0.00,,1762.80,16945.32,14603.77,232.39,,8058.53,28812.39,21353.68,619.71,0.46,"58,844",2.28,,,,,,
SK,1999,19781,1779,0.04,0.24,0.13,0.16,0.01,0.00,0.01,0.16,0.24,0.02,0.00,0.00,775.10,15928.52,19443.53,434.24,1699.85,8125.20,25012.51,29823.74,578.99,0.55,"65,240",3.30,,,,,,
SK,2000,26056,934,0.00,0.20,0.23,0.08,0.00,0.00,0.02,0.34,0.13,0.00,0.00,0.00,2176.37,34858.91,31265.25,453.68,641.46,15297.69,56626.37,47187.36,567.10,0.47,"120,320",4.62,,,,,,
SK,2001,63129,1549,0.00,0.01,0.30,0.09,0.00,0.00,0.00,0.43,0.17,0.00,0.00,0.00,0.00,5500.37,5103.88,0.00,189.25,697.18,10277.00,9527.24,0.00,0.48,"20,691",0.33,,,,,,
SK,2002,50455,913,0.03,0.11,0.08,0.18,0.00,0.00,0.03,0.12,0.45,0.00,0.00,0.00,723.73,13043.25,11461.02,0.00,0.00,4197.65,23137.59,20438.82,0.00,0.47,"47,774",0.95,,,,,,
SK,2003,47015,2012,0.01,0.14,0.22,0.10,0.00,0.00,0.01,0.32,0.19,0.00,0.00,0.00,0.00,5157.46,4892.67,0.00,0.00,2722.07,10696.95,6921.33,0.00,0.49,"20,340",0.43,,,,,,
SK,2004,48490,1970,0.00,0.21,0.15,0.11,0.00,0.00,0.04,0.26,0.24,0.00,0.00,0.00,0.00,4176.67,4979.97,0.00,0.00,2483.22,7637.33,7368.33,0.00,0.54,"17,489",0.36,,,,,,
SK,2005,39836,1133,0.00,0.01,0.25,0.12,0.00,0.00,0.00,0.40,0.22,0.00,0.00,0.00,0.00,5691.40,2795.76,0.00,0.00,1909.33,9705.87,4585.05,0.00,0.33,"16,200",0.41,,,,,,
SK,2006,24405,430,0.00,0.06,0.08,0.26,0.00,0.00,0.01,0.09,0.50,0.01,0.00,0.00,203.26,5982.93,5457.02,0.00,0.00,2540.80,11406.71,7908.73,0.00,0.48,"21,856",0.90,,,,,,
SK,2007,14559,317,0.00,0.08,0.28,0.12,0.00,0.00,0.00,0.36,0.14,0.01,0.00,0.00,55.92,11863.10,5390.36,0.00,0.00,3802.24,20720.87,7689.20,0.00,0.31,"32,212",2.21,,,,,,
SK,2008,18352,176,0.00,0.07,0.16,0.27,0.00,0.00,0.00,0.15,0.34,0.00,0.00,0.00,0.00,6262.34,6161.25,0.00,0.00,1265.40,10146.57,9355.98,0.00,0.50,"20,768",1.13,,,,,,
SK,2009,12972,138,0.00,0.12,0.21,0.12,0.00,0.00,0.00,0.25,0.30,0.00,0.00,0.00,79.27,10496.95,4742.66,,0.00,3884.23,16201.81,7622.14,,0.31,"27,708",2.14,,,,,,
SK,2010,15148,386,0.00,0.12,0.20,0.12,0.00,0.00,0.01,0.29,0.25,0.00,0.00,0.00,228.19,10162.85,,,0.00,3765.21,15667.72,,,,,,,,,,,
SK,2011,14511,354,0.00,0.19,0.27,0.09,0.00,0.00,0.00,0.30,0.14,0.00,0.00,0.00,0.00,,,,0.00,4065.14,,,,,,,,,,,,
SK,2012,22332,378,0.00,0.04,0.30,0.08,0.00,0.00,0.00,0.40,0.18,0.00,0.00,0.00,,,,,0.00,,,,,,,,,,,,,
SK,2013,16784,274,0.00,0.18,0.18,0.11,0.00,0.00,0.00,0.29,0.25,0.00,0.00,,,,,,,,,,,,,,,,,,,
SK,2014,24374,257,0.00,0.12,0.19,0.11,0.00,0.00,0.01,0.36,0.21,0.00,0.00,,,,,,,,,,,,,,,,,,,
SK,2015,21597,323,0.00,0.15,0.20,0.11,0.00,0.00,0.00,0.37,0.17,0.00,0.00,,,,,,,,,,,,,,,,,,,
SK,2016,10554,,,,,,,,,,,,,,,,,,,,,,,,,,,,,,,
SK,2017,7335,,,,,,,,,,,,,,,,,,,,,,,,,,,,,,,
SK,2018,8603,,,,,,,,,,,,,,,,,,,,,,,,,,,,,,,
SK,2019,13817,,,,,,,,,,,,,,,,,,,,,,,,,,,,,,,
SK,2020,9753,,,,,,,,,,,,,,,,,,,,,,,,,,,,,,,
TC,1974,,,,,,,,,,,,,,,,,,1021.16,,,,,,,,,,,,,,
TC,1975,,,,,,,,,,,,,,,,,35612.84,143.74,,,,,335.39,,,,,,,,,
TC,1976,,,,,,,,,,,,,,,,21061.36,3928.90,0.00,,,,10349.29,0.00,0.16,,,,,,,,
TC,1977,,,,,,,,,,,,,,,127.64,974.24,2615.69,0.00,,,6404.42,4359.49,0.00,0.70,,,,,,,,
TC,1978,,,,,,,,,,,,,,,0.00,2615.69,154.08,0.00,,5717.67,4359.49,462.23,0.00,0.06,,,,,,,,
TC,1979,21611,,,,,,,,,,,,,,2615.69,3543.79,3039.75,57.64,6516.22,170019.94,6009.04,4342.50,172.92,0.33,"187,061",8.66,,,,,,
TC,1980,39229,,,,,,,,,,,,,,462.23,2388.38,2190.30,0.00,33132.09,7549.81,4125.38,5994.51,0.00,0.43,"50,802",1.30,,,,,,
TC,1981,49546,453,,,,,,0.00,0.00,0.36,0.62,0.02,,,1085.63,2536.14,413.32,84.16,11709.92,7165.13,8415.37,2066.62,84.16,0.10,"29,441",0.59,,,,,,
TC,1982,23842,1836,0.22,0.19,0.19,0.22,0.01,0.00,0.00,0.03,0.13,0.00,,,1210.43,1157.31,3001.76,583.18,24318.00,16888.39,2975.94,5807.13,1135.67,0.50,"51,125",2.14,,,,,,
TC,1983,9792,243,0.16,0.79,0.01,0.01,0.00,0.00,0.01,0.01,0.01,0.00,,,826.65,1122.15,2915.91,114.08,9625.81,6282.53,3815.32,4941.70,228.15,0.59,"24,894",2.54,,,,,,
TC,1984,20774,167,0.46,0.28,0.10,0.01,0.00,0.00,0.02,0.14,0.01,0.00,,,2384.57,8041.77,10209.77,1352.60,20004.91,24939.82,22713.40,20248.43,1944.37,0.46,"89,851",4.33,,,,,,
TC,1985,35906,184,0.61,0.15,0.04,0.03,0.00,0.00,0.03,0.06,0.08,0.00,,,920.81,5019.33,13695.11,496.96,13858.57,15408.28,19050.63,23924.17,911.10,0.68,"73,153",2.04,,,,,,
TC,1986,38100,713,0.23,0.38,0.14,0.09,0.00,0.00,0.03,0.06,0.05,0.00,,,1140.76,3466.05,14080.64,715.90,2209.95,19050.63,13610.57,23854.25,1352.25,0.73,"60,078",1.58,,,,,,
TC,1987,28928,379,0.64,0.17,0.06,0.05,0.00,0.00,0.03,0.04,0.01,0.00,,,422.69,2319.16,21476.87,265.88,228.15,17161.16,21120.95,37624.30,797.63,0.88,"76,932",2.66,,,,,,
TC,1988,44512,1729,0.28,0.47,0.06,0.06,0.00,0.00,0.05,0.02,0.06,0.00,,,0.00,5965.80,10050.15,106.93,3888.73,15985.66,25374.53,21961.43,285.13,0.62,"67,495",1.52,,,,,,
TC,1989,40329,1512,0.05,0.31,0.32,0.04,0.01,0.00,0.02,0.17,0.06,0.01,,,238.63,6061.99,1906.84,70.13,1905.03,12090.68,20685.22,4366.13,350.63,0.23,"39,398",0.98,,,,,,
TC,1990,52142,1031,0.00,0.30,0.24,0.17,0.00,0.00,0.02,0.09,0.17,0.00,,,239.29,1247.46,2805.00,38.76,1352.25,7205.26,3813.68,5750.25,193.80,0.65,"18,315",0.35,,,,,,
TC,1991,51645,716,0.06,0.28,0.17,0.17,0.01,0.00,0.01,0.06,0.23,0.02,,,1853.38,16409.26,34419.16,320.79,6354.46,29226.32,61359.42,67210.39,513.26,0.65,"164,664",3.19,,,,,,
TC,1992,55889,770,0.03,0.25,0.29,0.15,0.01,0.00,0.00,0.04,0.22,0.01,,,105.19,14225.04,6479.86,49.02,4205.74,21072.58,49264.36,12895.56,49.02,0.31,"87,487",1.57,,,,,,
TC,1993,66125,978,0.02,0.15,0.25,0.21,0.01,0.00,0.00,0.08,0.28,0.01,,,77.52,2213.42,620.91,29.50,1753.13,6511.73,6447.78,1666.66,29.50,0.21,"16,409",0.25,,,,,,
TC,1994,48368,2144,0.11,0.12,0.26,0.21,0.01,0.00,0.00,0.11,0.18,0.00,,,160.39,2369.27,1976.57,0.00,4573.72,9399.01,7957.50,4513.66,200.22,0.44,"26,644",0.55,,,,,,
TC,1995,33805,2351,0.10,0.65,0.06,0.06,0.00,0.00,0.04,0.03,0.05,0.00,,,65.36,7670.28,4755.20,61.43,6287.39,11307.16,18880.68,8359.15,61.43,0.38,"44,896",1.33,,,,,,
TC,1996,79019,2575,0.02,0.23,0.50,0.03,0.00,0.00,0.00,0.18,0.03,0.00,,,147.51,8309.09,5497.87,105.32,1666.66,14662.03,32835.94,11149.31,175.53,0.39,"60,489",0.77,,,,,,
TC,1997,114938,3296,0.04,0.05,0.27,0.26,0.00,0.00,0.00,0.11,0.27,0.00,,,0.00,8200.73,3826.65,112.28,3540.13,12413.59,22390.76,7196.91,168.42,0.32,"45,710",0.40,,,,,,
TC,1998,31039,1108,0.18,0.26,0.12,0.18,0.01,0.00,0.00,0.06,0.18,0.01,,,122.86,5125.60,3424.54,79.89,100.11,18674.33,12287.40,7185.91,79.89,0.39,"38,328",1.23,,,,,,
TC,1999,16786,1386,0.07,0.50,0.25,0.05,0.00,0.00,0.00,0.10,0.03,0.00,,,210.64,8533.27,5192.75,192.96,11917.17,25136.51,34975.19,12222.94,192.96,0.37,"84,445",5.03,,,,,,
TC,2000,34997,1411,0.09,0.35,0.27,0.06,0.00,0.00,0.00,0.18,0.05,0.00,,,364.91,11104.50,8811.88,61.88,210.64,39045.34,40503.47,19103.12,61.88,0.43,"98,924",2.83,,,,,,
TC,2001,46644,1077,0.00,0.23,0.45,0.07,0.00,0.00,0.00,0.15,0.09,0.00,,,319.55,9712.36,1639.72,0.00,5670.14,13740.82,26564.27,3186.63,0.00,0.14,"49,162",1.05,,,,,,
TC,2002,55044,2090,0.19,0.29,0.22,0.09,0.00,0.00,0.00,0.13,0.09,0.00,,,128.64,1670.66,1090.61,,3674.87,10934.45,4516.97,1741.73,,,"20,868",0.38,,,,,,
TC,2003,36435,1282,0.00,0.55,0.16,0.07,0.00,0.00,0.00,0.11,0.09,0.00,,,556.89,5973.96,,,8876.20,10890.22,13917.55,,,,,,,,,,,
TC,2004,75032,3101,0.07,0.44,0.30,0.04,0.00,0.00,0.00,0.10,0.04,0.00,,,260.45,,,,2846.31,13412.93,,,,,,,,,,,,
TC,2005,38725,879,0.05,0.19,0.42,0.10,0.00,0.00,0.00,0.16,0.07,0.00,,,,,,,4264.79,,,,,,,,,,,,,
TC,2006,42296,1021,0.14,0.16,0.26,0.16,0.00,0.00,0.00,0.15,0.13,0.00,,,,,,,,,,,,,,,,,,,,
TC,2007,14854,695,0.13,0.48,0.13,0.07,0.00,0.00,0.03,0.08,0.08,0.00,,,,,,,,,,,,,,,,,,,,
TC,2008,27383,2048,0.13,0.39,0.24,0.02,0.00,0.00,0.01,0.18,0.03,0.00,,,,,,,,,,,,,,,,,,,,
TC,2009,20762,971,0.14,0.38,0.20,0.08,0.00,0.00,0.02,0.12,0.05,0.00,,,,,,,,,,,,,,,,,,,,
TC,2010,29307,251,0.00,0.00,0.00,0.00,0.00,0.00,0.06,0.67,0.26,0.01,,,,,,,,,,,,,,,,,,,,
TC,2011,27523,1526,0.08,0.41,0.24,0.04,0.00,0.00,0.01,0.17,0.04,0.00,,,,,,,,,,,,,,,,,,,,
TC,2012,,781,0.10,0.26,0.33,0.06,0.00,0.01,0.07,0.13,0.04,0.00,,,,,,,,,,,,,,,,,,,,
TC,2013,,1199,0.31,0.41,0.11,0.03,0.00,0.00,0.02,0.09,0.03,0.00,,,,,,,,,,,,,,,,,,,,
CT,1982,,,,,,,,,,,,,,,,,,55.37,,,,,221.49,,,,,,,,,
CT,1983,,149,0.07,0.38,0.36,0.07,0.00,0.00,0.00,0.09,0.03,0.00,0.00,,,,636.79,18.64,,,,636.79,18.64,,,,,,,,,
CT,1984,,203,0.00,0.26,0.46,0.15,0.01,0.00,0.00,0.05,0.06,0.00,0.00,,,332.24,372.83,147.50,,,3710.02,372.83,522.94,,,,,,,,,
CT,1985,,131,0.03,0.06,0.61,0.17,0.00,0.00,0.00,0.03,0.10,0.00,0.00,,27.69,335.55,1448.15,6.59,,2962.48,2833.51,1448.15,6.59,0.80,,,,,,,,
CT,1986,,69,0.03,0.29,0.17,0.38,0.00,0.00,0.00,0.03,0.10,0.00,0.00,,0.00,1414.63,1187.03,58.06,609.11,2609.81,4686.39,1187.03,104.51,0.45,"9,197",,,,,,,
CT,1987,,126,0.00,0.10,0.78,0.06,0.00,0.00,0.00,0.03,0.02,0.01,0.00,,120.68,464.92,952.19,14.85,260.98,1863.83,1586.00,952.19,22.28,0.61,"4,685",,,,,,,
CT,1988,,,,,,,,,,,,,,,19.78,766.40,1199.15,123.53,2172.23,540.76,2868.19,1199.15,231.61,0.57,"7,012",,,,,,,
CT,1989,7111,316,0.07,0.34,0.39,0.07,0.02,0.00,0.00,0.04,0.07,0.01,0.00,,5.81,594.01,1544.09,1.67,105.51,1248.30,1833.99,1544.09,11.70,0.72,"4,744",0.67,,,,,,
CT,1990,6233,371,0.04,0.38,0.36,0.12,0.00,0.00,0.00,0.05,0.05,0.00,0.00,,11.14,92.65,128.66,4.11,11.61,122.51,478.67,128.66,12.32,0.54,754,0.12,,,,,,
CT,1991,11900,1925,0.17,0.14,0.25,0.17,0.03,0.00,0.01,0.11,0.11,0.01,0.00,,46.32,558.10,2094.53,93.26,311.85,1760.27,1971.73,2094.53,178.05,0.75,"6,316",1.07,,,,,,
CT,1992,3596,1406,0.02,0.11,0.24,0.26,0.00,0.00,0.00,0.10,0.26,0.00,0.00,,1.67,316.23,932.63,0.00,61.76,212.21,1301.89,932.63,52.10,0.75,"2,561",0.49,,,,,,
CT,1993,4723,1057,0.00,0.20,0.34,0.16,0.01,0.00,0.00,0.12,0.16,0.01,0.00,,8.21,279.79,677.28,10.63,30.08,295.70,1263.29,677.28,53.13,0.69,"2,319",0.52,,,,,,
CT,1994,4153,1308,0.06,0.02,0.26,0.28,0.00,0.00,0.00,0.12,0.25,0.00,0.00,,0.00,195.37,340.01,0.00,172.49,356.09,716.35,340.01,5.77,0.64,"1,591",0.23,,,,,,
CT,1995,4527,694,0.01,0.32,0.07,0.24,0.02,0.00,0.01,0.02,0.29,0.02,0.00,,26.05,531.27,395.26,2.21,152.61,1562.94,1434.42,395.26,4.41,0.41,"3,550",0.94,,,,,,
CT,1996,1572,1477,0.01,0.09,0.57,0.05,0.00,0.00,0.00,0.23,0.05,0.00,0.00,,42.50,675.12,240.53,3.60,390.74,1349.42,2637.00,240.53,3.60,0.25,"4,621",0.94,,,,,,
CT,1997,5488,1618,0.03,0.04,0.15,0.42,0.00,0.00,0.00,0.05,0.32,0.00,0.00,,43.28,302.32,735.22,16.52,701.27,908.81,922.41,735.22,33.04,0.67,"3,301",0.41,,,,,,
CT,1998,3283,464,0.04,0.09,0.25,0.27,0.02,0.00,0.00,0.07,0.24,0.02,0.00,,6.62,315.35,539.59,6.04,432.77,178.74,1032.55,539.59,10.07,0.62,"2,194",0.60,,,,,,
CT,1999,3126,367,0.08,0.32,0.11,0.29,0.01,0.00,0.01,0.04,0.14,0.00,0.00,,30.63,674.48,368.57,0.00,141.23,733.42,1808.72,368.57,0.00,0.34,"3,052",1.35,,,,,,
CT,2000,2555,790,0.17,0.31,0.22,0.08,0.01,0.00,0.01,0.13,0.08,0.00,0.00,,22.02,277.94,175.14,,421.67,688.25,914.37,175.14,,0.37,,,,,,,,
CT,2001,3765,1680,0.09,0.18,0.40,0.10,0.00,0.00,0.01,0.14,0.08,0.00,0.00,,12.08,285.01,,,385.42,584.07,785.41,,,,,,,,,,,
CT,2002,1274,1606,0.08,0.10,0.35,0.16,0.00,0.00,0.00,0.17,0.14,0.00,0.00,,2.18,,,,221.54,134.89,,,,,,,,,,,,
CT,2003,2950,2096,0.11,0.19,0.19,0.23,0.00,0.00,0.01,0.08,0.19,0.00,0.00,,,,,,205.60,,,,,,,,,,,,,
CT,2004,3041,1417,0.10,0.17,0.29,0.11,0.00,0.00,0.01,0.17,0.14,0.00,0.00,,,,,,,,,,,,,,,,,,,
CT,2005,2058,1212,0.09,0.23,0.26,0.14,0.00,0.00,0.00,0.11,0.15,0.00,0.00,,,,,,,,,,,,,,,,,,,
CT,2006,1261,1298,0.14,0.09,0.35,0.08,0.00,0.00,0.00,0.20,0.12,0.00,0.00,,,,,,,,,,,,,,,,,,,
CT,2007,,939,0.19,0.37,0.19,0.09,0.00,0.00,0.01,0.05,0.10,0.00,0.00,,,,,,,,,,,,,,,,,,,
CT,2008,,1155,0.17,0.20,0.34,0.08,0.00,0.00,0.01,0.14,0.07,0.00,0.00,,,,,,,,,,,,,,,,,,,
CT,2009,,1386,0.11,0.21,0.19,0.18,0.00,0.00,0.01,0.09,0.21,0.00,0.00,,,,,,,,,,,,,,,,,,,
CT,2010,,934,0.18,0.22,0.22,0.12,0.00,0.00,0.00,0.13,0.12,0.01,0.00,,,,,,,,,,,,,,,,,,,
CT,2011,,1574,0.04,0.34,0.30,0.10,0.00,0.00,0.00,0.13,0.10,0.00,0.00,,,,,,,,,,,,,,,,,,,
CT,2012,,782,0.10,0.11,0.40,0.09,0.00,0.00,0.00,0.24,0.06,0.00,0.00,,,,,,,,,,,,,,,,,,,
CT,2013,,1147,0.28,0.22,0.17,0.14,0.00,0.00,0.00,0.07,0.11,0.00,0.00,,,,,,,,,,,,,,,,,,,
NC,1969,82809,,,,,,,,,,,,,,,,,,,,,,,,,,,,,,,
NC,1970,142080,,,,,,,,,,,,,,,,,,,,,,,,,,,,,,,
NC,1971,88263,,,,,,,,,,,,,,,,,,,,,,,,,,,,,,,
NC,1972,76653,,,,,,,,,,,,,,,,,,,,,,,,,,,,,,,
NC,1973,119850,,,,,,,,,,,,,,,,,,,,,,,,,,,,,,,
NC,1974,235980,,,,,,,,,,,,,,,,,,,,,,,,,,,,,,,
NC,1975,259300,,,,,,,,,,,,,,,,,,,,,,,,,,,,,,,
NC,1976,375010,,,,,,,,,,,,,,,,,21566.65,,,,,35944.42,,,,,,,,,
NC,1977,213740,,,,,,,,,,,,,,,,147372.13,8109.97,,,,301933.15,21749.46,,,,,,,,,
NC,1978,445770,,,,,,,,,,,,,,,71888.85,65248.38,11506.31,,,197694.33,169940.70,34518.94,,,,,,,,,
NC,1979,310560,0,,,,,,,,,,,,,17972.21,46816.63,122734.02,,,25161.10,121280.89,241632.60,,,,,,,,,,
NC,1980,475580,0,,,,,,,,,,,,,2949.08,42189.82,,13023.03,,11427.68,88215.08,,17619.39,,,,,,,,,
NC,1981,423140,0,,,,,,,,,,,,,3835.44,,55922.41,10272.95,,34518.94,,89629.06,15409.43,,,,,,,,,
NC,1982,393210,0,,,,,,,,,,,,,,27578.17,74478.89,4283.64,,,51326.04,107865.98,4283.64,0.70,,,,,,,,
NC,1983,409800,156,0.00,0.01,0.22,0.28,0.03,0.00,0.03,0.13,0.26,0.04,0.00,,5362.42,32102.97,25701.83,1880.88,,16087.27,52648.87,49975.78,2507.84,0.40,,,,,,,,
NC,1984,251710,882,0.00,0.03,0.23,0.32,0.04,0.00,0.01,0.14,0.20,0.02,0.00,,5136.48,54259.41,30094.05,2768.14,3064.24,29534.73,109946.71,56112.87,3321.77,0.33,"201,980",0.80,,,,,,
NC,1985,325250,105,0.00,0.08,0.11,0.30,0.06,0.00,0.01,0.10,0.30,0.03,0.00,,39980.62,25391.86,77507.97,1068.04,0.00,82817.00,62068.98,107403.91,4272.16,0.54,"256,562",0.79,,,,,,
NC,1986,77577,264,,,,,,,,,,,,,14420.07,57023.72,69422.58,7120.89,1427.88,48589.35,120690.99,133504.95,11502.97,0.47,"315,716",4.07,,,,,,
NC,1987,115790,232,0.02,0.06,0.13,0.19,0.03,0.00,0.03,0.16,0.31,0.07,0.00,,27681.42,37737.40,82711.86,2159.46,626.96,90241.43,105735.92,149538.66,4318.91,0.55,"350,462",3.03,,,,,,
NC,1988,176470,160,0.00,0.12,0.10,0.16,0.03,0.00,0.03,0.16,0.36,0.05,0.00,,12816.48,61896.96,109052.55,2747.43,6089.91,51265.90,126532.71,173836.25,3663.24,0.58,"361,388",2.05,,,,,,
NC,1989,219340,174,0.01,0.17,0.22,0.10,0.00,0.00,0.16,0.22,0.10,0.02,0.00,,25744.75,32391.85,35716.54,1038.05,1780.07,67374.56,62624.24,65022.42,2595.12,0.38,"199,396",0.91,,,,,,
NC,1990,140000,542,0.00,0.20,0.22,0.15,0.00,0.00,0.08,0.15,0.18,0.01,0.00,,96095.81,51285.29,47750.20,2422.02,4382.09,163038.96,123634.18,71625.31,3082.58,0.24,"365,763",2.61,,,,,,
NC,1991,291360,592,0.02,0.19,0.19,0.09,0.00,0.00,0.08,0.17,0.24,0.01,0.00,,10989.71,33736.56,45357.90,729.83,4318.91,87917.64,85119.93,70018.51,2189.49,0.50,"249,564",0.86,,,,,,
NC,1992,231280,833,0.01,0.13,0.23,0.22,0.01,0.00,0.04,0.13,0.23,0.00,0.00,,25951.20,53724.90,101081.51,5789.58,11905.51,77334.57,137835.18,161657.44,7125.64,0.54,"395,858",1.71,,,,,,
NC,1993,273030,656,0.01,0.12,0.18,0.19,0.01,0.00,0.07,0.17,0.23,0.02,0.00,,3743.13,89404.23,66357.54,3130.14,1557.07,34568.89,162022.35,101540.40,5008.22,0.41,"304,697",1.12,,,,,,
NC,1994,264610,379,0.01,0.16,0.07,0.16,0.01,0.00,0.23,0.08,0.27,0.01,0.00,,15326.44,30283.98,50082.20,3371.95,1981.66,64225.08,73037.83,80131.52,5732.32,0.50,"225,108",0.85,,,,,,
NC,1995,193990,319,0.04,0.26,0.25,0.10,0.00,0.00,0.04,0.18,0.12,0.01,0.00,,6680.29,20032.88,47881.73,1725.12,5838.64,53887.67,51960.29,94077.48,4744.08,0.63,"210,508",1.09,,,,,,
NC,1996,147390,459,0.00,0.22,0.22,0.10,0.01,0.00,0.11,0.14,0.20,0.00,0.00,,5634.25,24952.45,40971.61,1754.99,890.71,43821.93,77892.11,79355.54,2339.99,0.56,"204,300",1.39,,,,,,
NC,1997,165560,1125,0.01,0.12,0.34,0.10,0.00,0.00,0.02,0.22,0.18,0.01,0.00,,18208.54,38383.93,56744.64,2225.38,939.04,104867.73,131109.16,99449.36,4450.76,0.49,"340,816",2.06,,,,,,
NC,1998,259930,1085,0.01,0.12,0.18,0.15,0.00,0.00,0.04,0.23,0.26,0.00,0.00,,8194.32,45044.71,98658.51,2420.78,2360.37,81080.66,133964.14,168387.09,4034.63,0.64,"389,827",1.50,,,,,,
NC,1999,213310,536,0.00,0.20,0.18,0.15,0.01,0.00,0.03,0.13,0.28,0.02,0.00,,8774.94,77146.51,113776.60,1940.74,431.28,76634.51,209185.72,159771.40,1940.74,0.56,"447,964",2.10,,,,,,
NC,2000,154440,581,0.01,0.21,0.18,0.17,0.01,0.00,0.03,0.11,0.28,0.02,0.00,,3708.97,50029.43,45930.89,0.00,0.00,63052.43,127494.35,62103.74,299.42,0.46,"252,950",1.64,,,,,,
NC,2001,255950,845,0.01,0.30,0.19,0.16,0.01,0.00,0.06,0.09,0.17,0.01,0.00,,11296.97,37521.01,26348.57,0.00,0.00,154929.84,78923.50,31738.05,0.00,0.35,"265,591",1.04,,,,,,
NC,2002,242350,689,0.00,0.25,0.31,0.13,0.01,0.00,0.03,0.13,0.14,0.01,0.00,,7116.05,41019.93,46841.58,1205.28,2420.78,130029.70,94315.89,64503.16,1607.04,0.49,"292,877",1.21,,,,,,
NC,2003,245050,534,0.00,0.22,0.28,0.14,0.00,0.00,0.03,0.14,0.18,0.01,0.00,,4790.65,23036.84,22096.74,0.00,5175.31,26647.98,57592.11,34551.27,218.27,0.44,"124,185",0.51,,,,,,
NC,2004,322340,600,0.00,0.13,0.30,0.16,0.01,0.00,0.01,0.17,0.22,0.01,0.00,,14590.00,30533.68,15933.45,375.36,1197.66,52216.84,66691.99,26628.50,375.36,0.26,"147,110",0.46,,,,,,
NC,2005,365040,556,0.01,0.32,0.17,0.10,0.00,0.00,0.03,0.11,0.25,0.01,0.00,,4821.11,19425.71,29653.66,0.00,767.89,51425.15,48891.68,40163.82,0.00,0.55,"141,249",0.39,,,,,,
NC,2006,176770,430,0.02,0.44,0.15,0.06,0.00,0.00,0.03,0.13,0.17,0.01,0.00,,3710.53,48046.44,52670.52,,2410.55,46490.75,109230.57,74567.25,,,,,,,,,,
NC,2007,79768,515,0.01,0.14,0.35,0.03,0.00,0.00,0.03,0.27,0.17,0.00,0.00,,1876.81,55037.73,,,654.80,52926.15,157419.74,,,,,,,,,,,
NC,2008,137740,228,0.00,0.21,0.20,0.10,0.00,0.00,0.08,0.13,0.27,0.00,0.00,,591.80,,,,1126.09,100606.60,,,,,,,,,,,,
NC,2009,113610,390,0.02,0.30,0.23,0.08,0.00,0.00,0.03,0.19,0.14,0.01,0.00,,,,,,1775.41,,,,,,,,,,,,,
NC,2010,84770,563,0.01,0.35,0.24,0.09,0.00,0.00,0.03,0.16,0.13,0.00,0.00,,,,,,,,,,,,,,,,,,,
NC,2011,160630,543,0.01,0.25,0.30,0.05,0.00,0.00,0.01,0.24,0.15,0.00,0.00,,,,,,,,,,,,,,,,,,,
NC,2012,307600,565,0.01,0.30,0.31,0.07,0.00,0.00,0.00,0.16,0.16,0.00,0.00,,,,,,,,,,,,,,,,,,,
NC,2013,168940,,,,,,,,,,,,,,,,,,,,,,,,,,,,,,,
NC,2014,123270,,,,,,,,,,,,,,,,,,,,,,,,,,,,,,,
NC,2015,92763,,,,,,,,,,,,,,,,,,,,,,,,,,,,,,,
NC,2016,172840,,,,,,,,,,,,,,,,,,,,,,,,,,,,,,,
NC,2017,79440,,,,,,,,,,,,,,,,,,,,,,,,,,,,,,,
NC,2018,137420,,,,,,,,,,,,,,,,,,,,,,,,,,,,,,,
NC,2019,80310,,,,,,,,,,,,,,,,,,,,,,,,,,,,,,,
NC,2020,49227,,,,,,,,,,,,,,,,,,,,,,,,,,,,,,,
UK,1974,,238,0.01,0.16,0.21,0.27,0.13,0.00,0.00,0.01,0.02,0.15,0.02,,,,,,,,,,,,,,,,,,,
UK,1975,,67,0.00,0.00,0.36,0.33,0.09,0.00,0.00,0.00,0.03,0.13,0.03,,,,,,,,,,,,,,,,,,,
UK,1976,,210,0.00,0.10,0.51,0.15,0.00,0.00,0.00,0.14,0.09,0.00,0.00,,,,,,,,,,,,,,,,,,,
UK,1977,,375,0.00,0.04,0.25,0.36,0.02,0.00,0.00,0.07,0.25,0.02,0.00,,,,,,,,,,,,,,,,,,,
UK,1978,,0,,,,,,,,,,,,,,,,,,,,,,,,,,,,,,
UK,1979,,0,,,,,,,,,,,,,,,,,,,,,,,,,,,,,,
UK,1980,,212,0.00,0.08,0.32,0.26,0.04,0.00,0.00,0.03,0.22,0.04,0.00,,,,,,,,,,,,,,,,,,,
UK,1981,,184,0.00,0.08,0.33,0.43,0.00,0.00,0.00,0.04,0.11,0.01,0.00,,,,,,,,,,,,,,,,,,,
UK,1982,,160,0.00,0.15,0.48,0.14,0.01,0.00,0.00,0.08,0.13,0.02,0.00,,,,,,,,,,,,,,,,,,,
UK,1983,,318,0.04,0.08,0.31,0.35,0.01,0.00,0.00,0.03,0.19,0.01,0.00,,,,,,,,,,,,,,,,,,,
UK,1984,,668,0.01,0.05,0.32,0.27,0.02,0.00,0.01,0.06,0.24,0.02,0.00,,,,,,,,,,,,,,,,,,,
UK,1985,,668,0.00,0.02,0.08,0.44,0.13,0.00,0.00,0.01,0.24,0.07,0.00,,,,,,,,,,,,,,,,,,,
UK,1986,,700,0.00,0.03,0.21,0.29,0.13,0.00,0.00,0.02,0.19,0.13,0.00,,,,,,,,,,,,,,,,,,,
UK,1987,,231,0.00,0.05,0.12,0.36,0.07,0.00,0.00,0.03,0.31,0.06,0.00,,,,,,,,,,,,,,,,,,,
UK,1988,,443,0.00,0.09,0.33,0.27,0.02,0.00,0.00,0.03,0.24,0.03,0.00,,,,,,,,,,,,,,,,,,,
UK,1989,,218,0.00,0.17,0.32,0.25,0.00,0.00,0.00,0.08,0.16,0.02,0.00,,,,,,,,,,,,,,,,,,,
UK,1990,,218,0.00,0.07,0.27,0.38,0.00,0.00,0.02,0.06,0.20,0.00,0.00,,,,,,,,,,,,,,,,,,,
UK,1991,,246,0.00,0.27,0.24,0.17,0.01,0.00,0.04,0.10,0.15,0.01,0.00,,,,,,,,,,,,,,,,,,,
UK,1992,,42,0.00,0.43,0.19,0.05,0.00,0.00,0.10,0.12,0.10,0.02,0.00,,,,,,,,,,,,,,,,,,,
UK,1993,,223,0.00,0.31,0.23,0.20,0.01,0.00,0.01,0.05,0.16,0.02,0.00,,,,,,,,,,,,,,,,,,,
UK,1994,,359,0.00,0.01,0.51,0.14,0.01,0.00,0.00,0.16,0.18,0.00,0.00,,,,,,,,,,,,,,,,,,,
UK,1995,,348,0.01,0.18,0.13,0.36,0.01,0.00,0.00,0.02,0.29,0.01,0.00,,,,,,,,,,,,,,,,,,,
UK,1996,,204,0.04,0.03,0.43,0.25,0.02,0.00,0.00,0.07,0.13,0.03,0.00,,,,,,,,,,,,,,,,,,,
UK,1997,,225,0.00,0.35,0.12,0.23,0.00,0.00,0.02,0.03,0.24,0.01,0.00,,,,,,,,,,,,,,,,,,,
UK,1998,,221,0.00,0.00,0.24,0.43,0.10,0.00,0.00,0.06,0.13,0.04,0.00,,,,,,,,,,,,,,,,,,,
UK,1999,,206,0.00,0.08,0.10,0.40,0.03,0.00,0.00,0.00,0.36,0.02,0.00,,,,,,,,,,,,,,,,,,,
UK,2000,,170,0.00,0.00,0.42,0.28,0.07,0.00,0.00,0.08,0.11,0.03,0.00,,,,,,,,,,,,,,,,,,,
UK,2001,,84,0.00,0.43,0.05,0.17,0.00,0.00,0.00,0.00,0.32,0.04,0.00,,,,,,,,,,,,,,,,,,,
UK,2002,,,,,,,,,,,,,,,,,,,,,,,,,,,,,,,,
UK,2003,,,,,,,,,,,,,,,,,,0.00,,,,,0.00,,,,,,,,,
UK,2004,,,,,,,,,,,,,,,,,116.01,0.00,,,,252.50,0.00,1.00,,,,,,,,
UK,2005,,33,0.33,0.33,0.17,0.17,0.00,0.00,0.76,0.05,0.14,0.05,0.00,,,81.89,72.03,17.15,,,232.02,122.44,17.15,0.47,,,,,,,,
UK,2006,,,,,,,,,,,,,,,0.00,54.02,194.32,8.51,,395.81,313.31,285.76,8.51,0.78,,,,,,,,
UK,2007,,331,0.01,0.74,0.10,0.09,0.00,0.00,0.01,0.03,0.02,0.00,0.00,,43.22,74.30,136.24,7.79,245.67,684.24,325.77,198.68,11.69,0.52,"1,466",,,,,,,
UK,2008,,159,0.11,0.33,0.39,0.03,0.00,0.00,0.00,0.07,0.08,0.00,0.00,,0.00,82.31,144.16,63.23,0.00,171.46,229.90,233.77,91.33,0.50,726,,,,,,,
UK,2009,,161,0.05,0.36,0.24,0.12,0.00,0.00,0.00,0.01,0.22,0.00,0.00,,0.00,132.47,674.42,0.00,22.86,207.20,794.82,962.45,17.41,0.84,"2,005",,,,,,,
UK,2010,1021,165,0.22,0.35,0.13,0.12,0.00,0.00,0.00,0.07,0.10,0.00,0.00,,3.90,295.06,87.07,105.24,22.71,77.92,1095.93,87.07,140.32,0.18,"1,424",1.39,,,,,,
UK,2011,1030,311,0.00,0.57,0.23,0.05,0.00,0.00,0.04,0.05,0.06,0.00,0.00,,126.45,139.31,403.43,19.25,7.79,625.24,330.86,438.51,19.25,0.59,"1,422",1.38,,,,,,
UK,2012,823,144,0.03,0.21,0.31,0.11,0.00,0.00,0.00,0.09,0.24,0.02,0.00,,52.24,841.93,240.66,0.00,14.05,69.66,1455.84,490.95,0.00,0.21,"2,030",2.47,,,,,,
UK,2013,667,235,0.03,0.31,0.22,0.09,0.00,0.00,0.00,0.12,0.20,0.01,0.00,,368.34,616.09,739.90,,0.00,947.17,2079.30,1109.85,,,"4,136",6.20,,,,,,
UK,2014,1126,289,0.01,0.07,0.59,0.08,0.00,0.00,0.00,0.12,0.13,0.01,0.00,,173.28,1387.32,,,70.16,808.62,3902.98,,,,,,,,,,,
UK,2015,2789,397,0.01,0.18,0.29,0.10,0.01,0.00,0.05,0.11,0.24,0.02,0.00,,443.94,,,,28.88,2441.68,,,,,,,,,,,,
UK,2016,505,29,0.00,0.03,0.38,0.00,0.03,0.00,0.10,0.28,0.17,0.00,0.00,,,,,,92.49,,,,,,,,,,,,,
UK,2017,2934,174,0.01,0.19,0.20,0.01,0.01,0.01,0.12,0.28,0.13,0.03,0.00,,,,,,,,,,,,,,,,,,,
UK,2018,3326,356,0.00,0.19,0.43,0.07,0.00,0.01,0.05,0.18,0.07,0.01,0.00,,,,,,,,,,,,,,,,,,,
UK,2019,6641,408,0.01,0.26,0.33,0.05,0.00,0.00,0.06,0.18,0.10,0.00,0.00,,,,,,,,,,,,,,,,,,,
UK,2020,,69,0.00,0.03,0.32,0.17,0.00,0.00,0.06,0.32,0.09,0.00,0.01,,,,,,,,,,,,,,,,,,,
DC,1988,,,,,,,,,,,,,,,,,,75.41,,,,,150.81,,,,,,,,,
DC,1989,,,,,,,,,,,,,,,,,1074.55,0.00,,,,2771.21,0.00,,,,,,,,,
DC,1990,,,,,,,,,,,,,,,,886.03,656.71,0.00,,,3960.45,1619.88,0.00,,,,,,,,,
DC,1991,,,,,,,,,,,,,,,659.81,1707.44,2811.47,0.00,,4203.95,11405.63,5674.06,163.82,0.54,"21,447",,,,,,,
DC,1992,,,,,,,,,,,,,,,0.00,11297.00,5487.86,0.00,,8099.39,24085.99,9255.64,185.90,0.33,"41,627",,,,,,,
DC,1993,,,,,,,,,,,,,,,460.06,7453.66,3439.23,0.00,,8025.47,12074.96,7157.31,0.00,0.30,"27,258",,,,,,,
DC,1994,,,,,,,,,,,,,,,0.00,5995.41,1162.66,0.00,,15071.13,15178.04,4301.85,0.00,0.16,"34,551",,,,,,,
DC,1995,10048,533,0.02,0.35,0.19,0.17,0.01,0.00,0.07,0.09,0.11,0.01,,,185.90,13370.60,4136.66,0.00,,12455.58,23811.18,8107.85,0.00,0.23,"44,375",4.42,,,,,,
DC,1996,14349,656,0.00,0.56,0.20,0.07,0.00,0.00,0.00,0.12,0.05,0.00,,,0.00,8149.22,1738.88,0.00,,5813.30,12618.46,5062.08,0.00,0.18,"23,494",1.64,,,,,,
DC,1997,35587,697,0.00,0.21,0.30,0.08,0.00,0.00,0.01,0.32,0.08,0.00,,,703.23,8153.43,2635.90,80.04,,10631.21,22579.15,5990.69,80.04,0.23,"39,281",1.10,,,,,,
DC,1998,35919,480,0.00,0.38,0.19,0.10,0.00,0.00,0.00,0.19,0.14,0.00,,,1081.97,8446.88,3521.86,0.00,,10278.73,27675.77,9284.90,0.00,0.27,"47,239",1.32,,,,,,
DC,1999,28527,689,0.00,0.38,0.19,0.12,0.01,0.00,0.01,0.19,0.11,0.00,,,2336.37,20410.77,2288.95,0.00,,19110.31,25833.20,4795.89,0.00,0.09,"49,739",1.74,,,,,,
DC,2000,32688,684,0.00,0.15,0.41,0.08,0.00,0.00,0.00,0.34,0.03,0.00,,,1680.89,10463.75,3937.69,0.00,,14807.81,18205.54,7130.42,0.00,0.24,"40,144",1.23,,,,,,
DC,2001,26928,772,0.02,0.31,0.14,0.12,0.00,0.00,0.02,0.26,0.13,0.00,,,435.99,8886.42,2273.63,0.00,,15477.63,11175.04,3878.55,0.00,0.20,"30,531",1.13,,,,,,
DC,2002,27642,832,0.02,0.29,0.25,0.10,0.00,0.00,0.03,0.25,0.05,0.00,,,851.39,6620.28,1951.99,0.00,,10535.99,6407.95,3513.58,0.00,0.21,"20,458",0.74,,,,,,
DC,2003,38445,752,0.01,0.37,0.24,0.07,0.00,0.00,0.05,0.19,0.06,0.00,,,267.49,964.51,523.70,0.00,,2541.12,4635.04,834.03,0.00,0.30,"8,010",0.21,,,,,,
DC,2004,55384,805,0.01,0.20,0.30,0.09,0.00,0.00,0.03,0.32,0.05,0.00,,,229.65,911.62,949.44,0.00,,2066.81,4684.25,1639.95,0.00,0.45,"8,391",0.15,,,,,,
DC,2005,34850,774,0.02,0.36,0.26,0.06,0.00,0.00,0.01,0.25,0.05,0.00,,,1493.50,6171.38,652.58,36.12,,8553.70,13090.69,1450.18,36.12,0.08,"23,131",0.66,,,,,,
DC,2006,28378,679,0.00,0.27,0.27,0.09,0.00,0.00,0.02,0.25,0.11,0.00,,,517.88,3842.98,1047.55,0.00,,5437.72,9731.40,2203.47,0.00,0.19,"17,373",0.61,,,,,,
DC,2007,16171,327,0.00,0.10,0.40,0.07,0.00,0.00,0.01,0.30,0.10,0.00,,,725.09,1733.88,958.04,,,6018.25,4129.07,2571.57,,0.28,"12,719",0.79,,,,,,
DC,2008,7035,395,0.00,0.20,0.28,0.17,0.00,0.00,0.03,0.11,0.22,0.00,,,1697.76,4689.34,,,,9716.95,8214.45,,,,,,,,,,,
DC,2009,11322,621,0.00,0.59,0.14,0.03,0.00,0.00,0.12,0.08,0.04,0.00,,,201.69,,,,,6252.45,,,,,,,,,,,,
DC,2010,17852,492,0.01,0.23,0.37,0.03,0.00,0.00,0.02,0.29,0.04,0.00,,,,,,,,,,,,,,,,,,,,
DC,2011,18290,550,0.02,0.27,0.41,0.04,0.00,0.00,0.04,0.19,0.03,0.00,,,,,,,,,,,,,,,,,,,,
DC,2012,13080,449,0.04,0.49,0.11,0.07,0.00,0.00,0.10,0.11,0.06,0.00,,,,,,,,,,,,,,,,,,,,
DC,2013,18225,383,0.06,0.31,0.23,0.08,0.00,0.00,0.01,0.24,0.05,0.00,,,,,,,,,,,,,,,,,,,,
DC,2014,15863,,,,,,,,,,,,,,,,,,,,,,,,,,,,,,,
DC,2015,22846,,,,,,,,,,,,,,,,,,,,,,,,,,,,,,,
DC,2016,21324,,,,,,,,,,,,,,,,,,,,,,,,,,,,,,,
DC,2017,10685,,,,,,,,,,,,,,,,,,,,,,,,,,,,,,,
CP,1976,,142,0.00,0.05,0.26,0.67,0.03,0.00,0.01,0.42,0.53,0.04,0.00,,,,,,,,,,,,,,,,,,,
CP,1977,,165,0.00,0.07,0.57,0.33,0.02,0.00,0.04,0.62,0.32,0.02,0.00,,,,,,,,,,,,,,,,,,,
CP,1978,,119,0.00,0.16,0.31,0.44,0.09,0.00,0.00,0.40,0.56,0.04,0.00,,,,,,,,,,,,,,,,,,,
CP,1979,,80,0.00,0.00,0.32,0.62,0.06,0.00,0.00,0.57,0.39,0.04,0.00,,,,,,,,,,,,,,,,,,,
CP,1980,,227,0.00,0.02,0.25,0.64,0.09,0.00,0.00,0.35,0.61,0.04,0.00,,,,,,,,,,,,,,,,,,,
CP,1981,,0,,,,,,,,,,,,,,,,,,,,,,,,,,,,,,
CP,1982,,1925,0.01,0.10,0.47,0.37,0.05,0.00,0.04,0.61,0.31,0.04,0.00,,,,,,,,,,,,,,,,,,,
CP,1983,,3157,0.00,0.06,0.55,0.38,0.00,0.00,0.01,0.72,0.27,0.00,0.00,,,,,,,,,,,,,,,,,,,
CP,1984,,2374,0.00,0.01,0.28,0.67,0.04,0.00,0.03,0.41,0.53,0.03,0.00,,,,,,,,,,,,,,,,,,,
CP,1985,,2830,0.00,0.08,0.23,0.68,0.02,0.00,0.06,0.34,0.57,0.02,0.00,,,,,,,,,,,,,,,,,,,
CP,1986,,2798,0.00,0.07,0.44,0.46,0.03,0.00,0.05,0.59,0.34,0.02,0.00,,,,,,,,,,,,,,,,,,,
CP,1987,,2575,0.00,0.04,0.40,0.54,0.02,0.00,0.02,0.51,0.45,0.02,0.00,,,,,,,,,,,,,,,,,,,
CP,1988,,1752,0.00,0.04,0.22,0.70,0.04,0.00,0.02,0.25,0.69,0.04,0.00,,,,,,,,,,,,,,,,,,,
CP,1989,,1543,0.00,0.03,0.21,0.65,0.10,0.00,0.01,0.27,0.64,0.07,0.00,,,,,,,,,,,,,,,,,,,
CP,1990,,1589,0.01,0.12,0.24,0.54,0.10,0.00,0.02,0.28,0.60,0.10,0.00,,,,,,,,,,,,,,,,,,,
CP,1991,,1581,0.02,0.12,0.49,0.35,0.02,0.00,0.03,0.64,0.31,0.02,0.00,,,,,,,,,,,,,,,,,,,
CP,1992,,1963,0.00,0.07,0.12,0.76,0.05,0.00,0.02,0.15,0.79,0.05,0.00,,,,,283.25,,,,,849.75,0.00,,,,,,,,
CP,1993,,2023,0.01,0.10,0.58,0.28,0.03,0.00,0.03,0.68,0.26,0.02,0.00,,,,16258.64,154.81,,,,37162.61,387.24,0.99,,,,,,,,
CP,1994,,1990,0.00,0.03,0.13,0.22,0.00,0.00,0.02,0.26,0.32,0.00,0.00,,,27475.41,7740.59,131.91,,,49229.13,17658.21,263.81,0.22,,,,,,,,
CP,1995,,2113,0.00,0.04,0.16,0.21,0.01,0.00,0.01,0.32,0.24,0.00,0.00,,2549.26,29956.09,8442.07,172.65,,8667.50,48443.90,18379.08,241.70,0.21,,,,,,,,
CP,1996,,1691,0.00,0.06,0.16,0.18,0.00,0.00,0.01,0.33,0.26,0.00,0.00,,1702.93,27656.56,9046.63,48.90,,4259.66,52411.15,17644.37,48.90,0.24,,,,,,,,
CP,1997,,1794,0.00,0.08,0.18,0.15,0.00,0.00,0.01,0.39,0.18,0.00,0.00,,3297.68,27588.76,12761.79,301.79,,9849.08,46545.23,28946.28,474.24,0.29,,,,,,,,
CP,1998,,1908,0.00,0.04,0.26,0.14,0.00,0.00,0.02,0.38,0.15,0.00,0.00,,3591.03,31293.28,19918.02,189.07,,8321.51,59310.54,35179.88,315.12,0.36,,,,,,,,
CP,1999,16157,1693,0.00,0.06,0.23,0.22,0.01,0.00,0.03,0.29,0.17,0.00,0.00,,3569.39,27592.06,10619.44,0.00,,5623.01,39275.58,21427.94,257.63,0.25,"66,584",4.12,,,,,,
CP,2000,24492,1828,0.00,0.04,0.26,0.14,0.00,0.00,0.02,0.42,0.11,0.00,0.00,,3362.78,26091.67,8244.21,76.74,,5044.17,38885.42,21705.46,306.97,0.22,"65,942",2.69,,,,,,
CP,2001,28208,1844,0.00,0.08,0.31,0.12,0.00,0.00,0.04,0.34,0.10,0.00,0.00,,3119.66,32332.76,9554.41,118.50,,5199.43,61187.49,23291.27,158.00,0.21,"89,836",3.18,,,,,,
CP,2002,21502,2113,0.00,0.06,0.26,0.12,0.00,0.00,0.05,0.38,0.12,0.00,0.00,,5539.08,27166.75,6596.44,502.55,,16230.79,56098.57,16984.84,858.14,0.17,"90,172",4.19,,,,,,
CP,2003,34034,1928,0.00,0.02,0.30,0.17,0.00,0.00,0.04,0.33,0.14,0.00,0.00,,3108.06,16708.34,8710.88,168.43,,7981.19,31046.71,11244.65,138.83,0.30,"50,411",1.48,,,,,,
CP,2004,30645,1865,0.00,0.02,0.15,0.19,0.00,0.00,0.04,0.34,0.25,0.00,0.00,,2053.98,22782.30,5389.81,0.00,,5569.45,21749.53,8144.85,61.31,0.18,"35,525",1.16,,,,,,
CP,2005,21528,2097,0.00,0.03,0.19,0.16,0.00,0.00,0.05,0.39,0.16,0.00,0.00,,10944.44,17937.95,3892.36,114.50,,9054.90,16104.59,4781.96,113.55,0.12,"30,055",1.40,,,,,,
CP,2006,58454,1547,0.00,0.11,0.29,0.14,0.00,0.00,0.06,0.32,0.08,0.00,0.00,,9516.38,42413.26,6927.33,81.99,,8700.18,41504.95,8743.17,47.38,0.12,"58,996",1.01,,,,,,
CP,2007,34565,2285,0.00,0.06,0.33,0.16,0.00,0.00,0.04,0.31,0.11,0.00,0.00,,7583.38,31087.10,5247.27,30.11,,7540.78,30146.92,7012.42,37.70,0.12,"44,738",1.29,,,,,,
CP,2008,32485,1363,0.00,0.07,0.27,0.19,0.00,0.00,0.04,0.31,0.12,0.00,0.00,,6125.82,28286.04,6504.31,439.39,,5251.58,28381.35,7840.96,682.00,0.16,"42,156",1.30,,,,,,
CP,2009,27787,1453,0.00,0.16,0.48,0.33,0.03,0.00,0.25,0.53,0.20,0.01,0.00,,8854.76,17555.61,10748.09,,,7107.18,16492.40,12048.65,,0.29,,,,,,,,
CP,2010,16771,717,0.00,0.23,0.42,0.35,0.00,0.01,0.29,0.54,0.16,0.01,0.00,,11171.75,29540.36,,,,10875.56,31485.63,,,0.00,,,,,,,,
CP,2011,27994,1758,0.00,0.14,0.76,0.10,0.00,0.00,0.14,0.79,0.07,0.00,0.00,,15209.57,,,,,11775.85,,,,,,,,,,,,
CP,2012,27911,1561,0.00,0.10,0.66,0.24,0.00,0.00,0.14,0.70,0.16,0.00,0.00,,,,,,,,,,,,,,,,,,,
CP,2013,29012,905,0.01,0.11,0.66,0.22,0.00,0.01,0.21,0.66,0.12,0.00,0.00,,,,,,,,,,,,,,,,,,,
CP,2014,20709,1874,0.00,0.29,0.42,0.29,0.00,0.00,0.32,0.50,0.18,0.00,0.00,,,,,,,,,,,,,,,,,,,
CP,2015,26764,2471,0.00,0.08,0.63,0.26,0.02,0.00,0.27,0.53,0.19,0.01,0.00,,,,,,,,,,,,,,,,,,,
CP,2016,12485,,,,,,,,,,,,,,,,,,,,,,,,,,,,,,,
CP,2017,33655,,,,,,,,,,,,,,,,,,,,,,,,,,,,,,,
CP,2018,42912,,,,,,,,,,,,,,,,,,,,,,,,,,,,,,,
BC,1974,,,,,,,,,,,,,,,,,,12452.36,,,,,12452.36,,,,,,,,,
BC,1975,,,,,,,,,,,,,,,,,99618.88,1199.64,,,,149428.32,1199.64,,,,,,,,,
BC,1976,116125,,,,,,,,,,,,,,,0.00,33589.97,3567.49,,,87166.52,47985.67,4162.08,,,,,,,,,
BC,1977,231153,,,,,,,,,,,,,,0.00,5998.21,30918.28,6440.40,,62261.80,33589.97,57079.90,8050.50,0.71,,,,,,,,
BC,1978,154046,,,,,,,,,,,,,,0.00,7729.57,22541.41,5359.15,,59982.08,30323.70,45082.83,6291.17,0.63,,,,,,,,
BC,1979,140252,,,,,,,,,,,,,,594.58,12880.81,28659.79,5888.67,,52917.83,88555.55,48465.34,6198.60,0.60,,,,,,,,
BC,1980,265322,,,,,,,,,,,,,,0.00,15611.43,21385.16,621.63,,30591.92,48931.35,33007.54,621.63,0.57,,,,,,,,
BC,1981,200910,25,0.00,0.20,0.28,0.16,0.00,0.00,0.00,0.00,0.32,0.04,0.00,,6757.19,3874.12,28387.86,13996.32,,41475.14,72213.67,66721.83,13996.32,0.54,,,,,,,,
BC,1982,36956,120,0.01,0.42,0.19,0.10,0.00,0.00,0.00,0.04,0.23,0.01,0.00,,154.96,3315.37,34782.94,11761.42,,11777.34,33568.12,52382.28,11761.42,0.70,"109,489",2.96,,,,,,
BC,1983,65906,249,0.02,0.35,0.15,0.18,0.00,0.00,0.00,0.05,0.21,0.02,0.00,,1864.90,28824.11,40819.05,4094.69,,82055.42,104348.83,77487.02,4094.69,0.54,"268,793",4.08,,,,,,
BC,1984,86325,109,0.02,0.17,0.43,0.13,0.01,0.00,0.00,0.07,0.13,0.04,0.00,,2771.55,20755.45,22930.29,8879.02,,35891.56,53272.33,49136.33,8879.02,0.41,"147,179",1.70,,,,,,
BC,1985,63236,623,0.00,0.24,0.23,0.14,0.01,0.00,0.05,0.11,0.20,0.04,0.00,,18679.91,25387.10,46009.46,2931.21,,71952.23,111375.68,68610.60,2931.21,0.49,"255,128",4.03,,,,,,
BC,1986,53205,799,0.00,0.09,0.55,0.09,0.00,0.00,0.00,0.03,0.17,0.05,0.00,,2456.82,23408.32,43968.20,4910.17,,103186.29,68610.60,67836.65,4910.17,0.59,"244,544",4.60,,,,,,
BC,1987,78724,883,0.00,0.44,0.17,0.21,0.00,0.00,0.01,0.02,0.16,0.00,0.00,,6457.47,14237.32,38764.47,4032.28,,67803.42,74117.83,61764.72,4032.28,0.61,"207,718",2.64,,,,,,
BC,1988,78856,1491,0.00,0.16,0.37,0.09,0.00,0.00,0.01,0.14,0.17,0.07,0.00,,2931.21,5943.89,47379.33,1936.80,,113479.84,70551.33,98790.95,1936.80,0.81,"285,328",3.62,,,,,,
BC,1989,88320,310,0.00,0.25,0.15,0.17,0.00,0.00,0.09,0.10,0.19,0.05,0.00,,1809.01,39314.76,97485.60,13091.97,,133091.34,225807.88,178185.60,13091.97,0.64,"550,177",6.23,,,,,,
BC,1990,103607,327,0.00,0.38,0.32,0.10,0.00,0.00,0.01,0.09,0.09,0.02,0.00,,5040.35,12266.40,35860.62,1161.50,,66532.68,60040.80,68875.16,1161.50,0.66,"196,610",1.90,,,,,,
BC,1991,102370,267,0.00,0.28,0.21,0.10,0.00,0.00,0.03,0.11,0.21,0.04,0.00,,3873.60,15938.05,76658.71,4026.47,,130411.20,141734.83,121085.91,4529.77,0.76,"397,762",3.89,,,,,,
BC,1992,129778,623,0.01,0.42,0.23,0.09,0.00,0.00,0.01,0.05,0.17,0.01,0.00,,569.22,4355.61,25668.72,1771.62,,98474.40,42975.34,36741.51,1771.62,0.79,"179,963",1.39,,,,,,
BC,1993,172718,1054,0.01,0.48,0.24,0.08,0.00,0.00,0.01,0.02,0.14,0.02,0.00,,8711.22,27681.96,62597.39,4741.60,,97275.25,145959.41,98029.88,4741.60,0.60,"346,006",2.00,,,,,,
BC,1994,276084,395,0.01,0.15,0.47,0.13,0.00,0.00,0.01,0.10,0.12,0.01,0.00,,1006.62,4724.33,27922.78,3394.27,,64926.77,37204.11,43991.54,3818.56,0.75,"149,941",0.54,,,,,,
BC,1995,236491,575,0.00,0.34,0.13,0.22,0.00,0.00,0.01,0.03,0.26,0.01,0.00,,0.00,4741.60,52186.95,4625.76,,22735.85,45045.23,93766.80,4625.76,0.85,"166,174",0.70,,,,,,
BC,1996,218309,569,0.00,0.30,0.39,0.10,0.00,0.00,0.00,0.05,0.11,0.04,0.00,,263.42,4242.84,43173.80,4928.25,,28449.62,64915.47,71589.21,5125.38,0.82,"170,080",0.78,,,,,,
BC,1997,171164,904,0.00,0.34,0.15,0.17,0.00,0.00,0.03,0.02,0.29,0.00,0.00,,848.57,11674.55,34103.51,2297.91,,30124.17,71368.94,57364.86,2297.91,0.70,"161,156",0.94,,,,,,
BC,1998,154702,506,0.01,0.25,0.46,0.04,0.00,0.00,0.00,0.11,0.10,0.02,0.00,,1101.37,10053.64,57447.80,987.64,,90753.09,97579.40,80426.92,987.64,0.83,"269,747",1.74,,,,,,
BC,1999,81739,543,0.00,0.14,0.20,0.22,0.00,0.00,0.00,0.03,0.39,0.01,0.00,,788.52,9191.65,34567.52,0.00,,70769.71,75831.09,57283.32,0.00,0.78,"203,884",2.49,,,,,,
BC,2000,54019,464,0.00,0.23,0.33,0.13,0.00,0.00,0.00,0.04,0.23,0.04,0.00,,0.00,35555.17,19495.73,,,202216.25,156047.67,33674.44,,,,,,,,,,
BC,2001,113985,454,0.00,0.15,0.31,0.22,0.00,0.00,0.00,0.02,0.27,0.02,0.00,,0.00,3544.68,,479.89,,112591.36,86844.60,,479.89,,,,,,,,,
BC,2002,156489,1082,0.00,0.38,0.25,0.12,0.00,0.00,0.00,0.05,0.18,0.02,0.00,,0.00,,14876.61,2027.03,,200274,,25434.20,2027.03,,,,,,,,,
BC,2003,163120,1176,0.00,0.30,0.38,0.10,0.00,0.00,0.00,0.04,0.15,0.02,0.00,,,8638.03,27364.96,400.17,,,92618.89,49662.33,400.17,,,,,,,,,
BC,2004,264727,159,0.01,0.55,0.18,0.06,0.00,0.00,0.00,0.03,0.16,0.01,0.00,,479.89,6587.86,16406.79,,,96458.02,58277.22,23609.77,,,,,,,,,,
BC,2005,235134,331,0.00,0.34,0.37,0.07,0.00,0.00,0.00,0.11,0.11,0.00,0.00,,0.00,9203.81,,,,85135.42,42817.71,,,,,,,,,,,
BC,2006,229953,183,0.01,0.62,0.26,0.04,0.00,0.00,0.00,0.01,0.06,0.00,0.00,,400.17,,,,,49220.36,,,,,,,,,,,,
BC,2007,151902,0,,,,,,,,,,,,,,,,,,,,,,,,,,,,,,
BC,2008,116086,448,0.00,0.45,0.39,0.05,0.00,0.00,0.00,0.04,0.07,0.00,0.00,,,,,,,,,,,,,,,,,,,
BC,2009,107168,385,0.00,0.44,0.26,0.11,0.00,0.00,0.00,0.03,0.14,0.01,0.00,,,,,,,,,,,,,,,,,,,
BC,2010,45384,290,0.00,0.42,0.29,0.06,0.00,0.00,0.00,0.08,0.14,0.00,0.00,,,,,,,,,,,,,,,,,,,
BC,2011,50570,,,,,,,,,,,,,,,,,,,,,,,,,,,,,,,
BC,2012,51518,,,,,,,,,,,,,,,,,,,,,,,,,,,,,,,
BC,2013,41027,,,,,,,,,,,,,,,,,,,,,,,,,,,,,,,
BC,2014,70330,,,,,,,,,,,,,,,,,,,,,,,,,,,,,,,
BC,2015,108974,,,,,,,,,,,,,,,,,,,,,,,,,,,,,,,
BC,2016,99257,,,,,,,,,,,,,,,,,,,,,,,,,,,,,,,
BC,2017,115007,,,,,,,,,,,,,,,,,,,,,,,,,,,,,,,
BC,2018,113404,,,,,,,,,,,,,,,,,,,,,,,,,,,,,,,
BC,2019,188483,,,,,,,,,,,,,,,,,,,,,,,,,,,,,,,
KO,1975,,,,,,,,,,,,,,,,,7575.65,1312.83,,,,13496.84,1865.60,,,,,,,,,
KO,1976,,,,,,,,,,,,,,,,478.92,11608.20,103.49,,,8925.33,19761.58,176.53,0.95,,,,,,,,
KO,1977,,,,,,,,,,,,,,,21.77,414.58,675.70,204.06,,2590.52,10917.24,2100.14,363.32,0.51,,,,,,,,
KO,1978,,,,,,,,,,,,,,,0.00,18.26,1194.49,138.30,,8153.38,1284.43,2578.11,276.60,0.88,,,,,,,,
KO,1979,,,,,,,,,,,,,,,0.00,144.33,1848.22,269.00,,1095.72,6295.97,4111.34,499.58,0.82,,,,,,,,
KO,1980,,,,,,,,,,,,,,,4.98,113.16,1143.27,0.00,,2891.67,4375.37,2373.01,49.82,0.91,,,,,,,,
KO,1981,16089,1204,0.02,0.10,0.32,0.23,0.01,0.00,0.00,0.02,0.29,0.01,0.00,,0.00,86.47,510.61,1391.49,,2225.40,7522.53,2951.59,1718.90,0.26,"14,418",0.90,,,,,,
KO,1982,13129,591,0.00,0.20,0.26,0.20,0.01,0.00,0.00,0.01,0.28,0.03,0.00,,0.00,12.45,3683.36,109.85,,1133.66,2104.72,7325.80,549.25,0.97,"11,113",0.85,,,,,,
KO,1983,1791,767,0.00,0.23,0.27,0.31,0.02,0.00,0.00,0.00,0.14,0.02,0.00,,0.00,1555.20,7689.47,216.40,,4607.97,16616.05,20212.32,216.40,0.81,"41,653",23.26,,,,,,
KO,1984,4922,2440,0.00,0.24,0.51,0.11,0.01,0.00,0.00,0.01,0.10,0.02,0.00,,0.00,439.40,1460.72,197.91,,3192.25,11644.06,2650.94,197.91,0.70,"17,685",3.59,,,,,,
KO,1985,4443,1749,0.00,0.20,0.39,0.21,0.01,0.00,0.00,0.01,0.17,0.01,0.00,,0.00,2109.94,5501.98,140.85,,7030.37,21369.86,9935.23,253.52,0.71,"38,589",8.69,,,,,,
KO,1986,3853,1202,0.00,0.10,0.64,0.11,0.02,0.00,0.00,0.01,0.10,0.02,0.00,,0.00,949.98,2676.08,582.75,,10711.98,6412.38,4478.91,762.05,0.64,"22,365",5.80,,,,,,
KO,1987,3224,782,0.00,0.47,0.21,0.25,0.01,0.00,0.00,0.00,0.05,0.00,0.00,,0.00,338.03,3227.53,144.26,,1662.47,7662.03,6903.32,144.26,0.87,"16,372",5.08,,,,,,
KO,1988,8028,1410,0.00,0.11,0.52,0.13,0.01,0.00,0.00,0.05,0.13,0.05,0.00,,28.17,313.79,2596.62,93.01,,4084.54,6589.53,6635.82,186.01,0.86,"17,496",2.18,,,,,,
KO,1989,14231,359,0.00,0.18,0.28,0.32,0.01,0.00,0.00,0.01,0.19,0.00,0.00,,44.83,1947.47,9579.76,1101.20,,9548.10,18104.24,19717.56,1619.42,0.76,"48,989",3.44,,,,,,
KO,1990,10093,664,0.03,0.30,0.54,0.03,0.00,0.00,0.00,0.06,0.04,0.01,0.00,,0.00,1767.14,2591.07,86.06,,3750.68,10323.82,6866.33,86.06,0.58,"21,027",2.08,,,,,,
KO,1991,6835,460,0.00,0.09,0.30,0.24,0.00,0.00,0.00,0.05,0.30,0.01,0.00,,186.01,842.10,3958.54,119.57,,7719.61,15222.52,8720.26,358.70,0.78,"32,021",4.68,,,,,,
KO,1992,6568,585,0.00,0.25,0.44,0.11,0.01,0.00,0.00,0.02,0.16,0.01,0.00,,0.00,200.80,2630.48,153.97,,2979.73,5364.11,5500.09,153.97,0.88,"13,998",2.13,,,,,,
KO,1993,12376,531,0.00,0.40,0.26,0.15,0.01,0.00,0.00,0.01,0.14,0.02,0.00,,28.69,1793.51,3464.41,114.85,,8691.58,9206.67,6851.84,114.85,0.64,"24,865",2.01,,,,,,
KO,1994,15951,397,0.00,0.13,0.56,0.14,0.00,0.00,0.00,0.07,0.09,0.01,0.00,,0.00,256.62,1722.80,82.32,,956.54,3849.35,2526.78,205.81,0.84,"7,538",0.47,,,,,,
KO,1995,19846,816,0.00,0.20,0.23,0.27,0.00,0.00,0.00,0.05,0.25,0.00,0.00,,0.00,401.99,2140.40,114.01,,872.52,5225.83,5639.12,250.83,0.81,"11,988",0.60,,,,,,
KO,1996,13773,824,0.00,0.11,0.54,0.16,0.02,0.00,0.00,0.03,0.10,0.04,0.00,,0.00,205.81,2325.85,341.29,,1148.54,5474.48,4606.10,398.17,0.81,"11,627",0.84,,,,,,
KO,1997,13191,797,0.00,0.38,0.23,0.21,0.00,0.00,0.00,0.01,0.17,0.00,0.00,,20.58,456.05,3014.75,116.60,,2572.59,10124.30,5460.68,116.60,0.84,"18,274",1.39,,,,,,
KO,1998,5987,134,0.00,0.06,0.46,0.18,0.01,0.00,0.00,0.11,0.16,0.01,0.00,,0.00,369.73,2285.42,158.00,,3374.77,9357.10,4291.00,316.00,0.81,"17,339",2.90,,,,,,
KO,1999,5544,459,0.00,0.07,0.31,0.29,0.00,0.00,0.00,0.02,0.29,0.01,0.00,,0.00,466.41,3528.70,677.57,,4323.04,11193.90,7004.74,1072.83,0.76,"23,595",4.26,,,,,,
KO,2000,3243,157,0.00,0.13,0.54,0.09,0.00,0.00,0.00,0.04,0.19,0.01,0.00,,69.96,2817.70,4771.26,501.94,,15601.50,15352.49,7650.95,836.57,0.58,"39,442",12.16,,,,,,
KO,2001,7483,675,0.00,0.18,0.38,0.25,0.01,0.00,0.00,0.01,0.15,0.01,0.00,,52.67,1637.47,3067.42,128.83,,9901.43,10558.87,6971.41,300.59,0.63,"27,732",3.71,,,,,,
KO,2002,10028,805,0.00,0.18,0.53,0.12,0.01,0.00,0.00,0.02,0.13,0.01,0.00,,0.00,1115.43,2061.21,94.13,,13551.49,9369.57,3091.82,94.13,0.63,"26,107",2.60,,,,,,
KO,2003,12007,687,0.00,0.22,0.46,0.13,0.00,0.00,0.00,0.02,0.15,0.02,0.00,,0.00,987.67,2070.83,101.13,,10373.45,9404.29,3765.14,168.54,0.66,"23,711",1.97,,,,,,
KO,2004,19819,1338,0.00,0.50,0.34,0.06,0.00,0.00,0.00,0.01,0.07,0.00,0.00,,42.94,941.29,1752.85,0.00,,9318.41,10730.66,2966.35,0.00,0.64,"23,015",1.16,,,,,,
KO,2005,21819,1241,0.00,0.30,0.38,0.11,0.00,0.00,0.00,0.09,0.11,0.00,0.00,,94.13,539.34,1208.08,0.00,,5177.07,5191.12,2349.05,0.00,0.66,"12,717",0.58,,,,,,
KO,2006,20203,1171,0.01,0.41,0.27,0.09,0.01,0.00,0.00,0.05,0.14,0.02,0.00,,0.00,536.93,4637.20,0.00,,9370.98,5637.72,7605.02,0.00,0.90,"22,614",1.12,,,,,,
KO,2007,13848,494,0.00,0.38,0.30,0.14,0.01,0.00,0.00,0.04,0.11,0.02,0.00,,0.00,4080.74,896.30,,,8255.23,14097.10,1165.20,,0.18,,,,,,,,
KO,2008,9750,517,0.00,0.42,0.38,0.05,0.01,0.00,0.00,0.04,0.09,0.01,0.00,,0.00,403.34,,,,1854.88,1568.53,,,,,,,,,,,
KO,2009,9528,420,0.00,0.26,0.50,0.09,0.00,0.00,0.00,0.05,0.10,0.00,0.00,,44.82,,,,,1389.27,,,,,,,,,,,,
KO,2010,5814,525,0.00,0.53,0.26,0.07,0.00,0.00,0.00,0.03,0.10,0.01,0.00,,,,,,,,,,,,,,,,,,,
KO,2011,6733,484,0.00,0.51,0.31,0.07,0.00,0.00,0.00,0.03,0.07,0.00,0.00,,,,,,,,,,,,,,,,,,,
KO,2012,15665,127,0.00,0.08,0.43,0.13,0.00,0.00,0.00,0.17,0.20,0.00,0.00,,,,,,,,,,,,,,,,,,,
KO,2013,1821,92,0.00,0.33,0.28,0.07,0.00,0.00,0.01,0.10,0.22,0.00,0.00,,,,,,,,,,,,,,,,,,,
FY,1969,,901,0.00,0.22,0.16,0.29,0.04,0.00,0.01,0.03,0.24,0.02,0.00,,,,,,,,,,,,,,,,,,,
FY,1970,,614,0.00,0.29,0.37,0.16,0.04,0.00,0.00,0.04,0.09,0.01,0.00,,,,,,,,,,,,,,,,,,,
FY,1971,,1879,0.00,0.02,0.29,0.37,0.01,0.00,0.00,0.04,0.27,0.00,0.00,,,,,,,,,,,,,,,,,,,
FY,1972,,784,0.00,0.01,0.17,0.42,0.03,0.00,0.01,0.06,0.28,0.03,0.00,,,,,,,,,,,,,,,,,,,
FY,1973,,2778,0.00,0.02,0.20,0.50,0.04,0.00,0.00,0.01,0.22,0.02,0.00,,,,,2887.71,,,,,2887.71,,,,,,,,,
FY,1974,,1862,0.00,0.04,0.23,0.39,0.06,0.00,0.00,0.03,0.21,0.03,0.00,,,,88731.58,2682.71,,,,161712.00,2682.71,,,,,,,,,
FY,1975,,1493,0.00,0.13,0.32,0.18,0.07,0.00,0.00,0.09,0.14,0.06,0.00,,,25989.43,90445.54,17020.54,,,224454.15,202863.73,17020.54,,,,,,,,,
FY,1976,,1652,0.00,0.06,0.44,0.18,0.02,0.00,0.00,0.05,0.24,0.01,0.00,,0.00,11114.07,86299.45,8612.95,,64579.79,73455.07,178848.62,8612.95,0.81,"325,496",,,,,,,
FY,1977,,1413,0.00,0.01,0.23,0.35,0.02,0.00,0.00,0.03,0.36,0.02,0.00,,510.99,7579.46,79567.21,16777.99,,27849.05,100926.47,258388.37,16777.99,0.76,"403,942",,,,,,,
FY,1978,,426,0.00,0.21,0.10,0.36,0.03,0.00,0.02,0.03,0.24,0.02,0.00,,398.92,5331.82,90954.35,15579.05,,41886.48,72594.83,234008.76,15579.05,0.81,"364,069",,,,,,,
FY,1979,,2658,0.00,0.26,0.34,0.15,0.04,0.00,0.01,0.04,0.12,0.04,0.00,,410.14,12362.73,113125.17,33423.97,,13534.63,102434.02,278475.57,33423.97,0.71,"427,868",,,,,,,
FY,1980,,1746,0.00,0.14,0.43,0.16,0.01,0.00,0.00,0.06,0.19,0.01,0.00,,2649.16,3363.66,62017.14,16750.56,,16777.99,55765.93,147143.82,16750.56,0.73,"236,438",,,,,,,
FY,1981,251641,2428,0.00,0.09,0.20,0.36,0.01,0.00,0.00,0.04,0.29,0.01,0.00,,354.07,13186.80,104215.10,32135.27,,42134.26,148449.44,254018.37,32135.27,0.70,"476,737",1.89,,,,,,
FY,1982,139688,2699,0.00,0.12,0.26,0.26,0.05,0.00,0.00,0.02,0.24,0.05,0.00,,0.00,3426.25,33064.04,15655.75,,7050.37,27410.00,90647.47,15655.75,0.63,"140,764",1.01,,,,,,
FY,1983,144331,884,0.00,0.04,0.19,0.49,0.02,0.00,0.00,0.01,0.22,0.02,0.00,,0.00,7801.63,67841.56,11916.63,,15037.43,88604.19,198306.11,11916.63,0.77,"313,864",2.17,,,,,,
FY,1984,184203,443,0.00,0.04,0.23,0.37,0.05,0.00,0.01,0.03,0.23,0.04,0.00,,1300.27,31311.49,86468.22,4817.48,,55911.66,182650.36,187614.24,4817.48,0.70,"430,994",2.34,,,,,,
FY,1985,185449,2335,0.00,0.10,0.13,0.40,0.05,0.00,0.00,0.01,0.27,0.04,0.00,,0.00,15404.42,51787.91,7289.56,,20874.33,92135.89,179451.13,7289.56,0.70,"299,751",1.62,,,,,,
FY,1986,244306,2893,0.00,0.02,0.36,0.23,0.11,0.00,0.00,0.03,0.16,0.09,0.00,,1889.22,37335.47,136438.65,10248.88,,64378.86,157772.47,333944.59,10248.88,0.73,"566,345",2.32,,,,,,
FY,1987,163513,3600,0.00,0.04,0.07,0.44,0.08,0.00,0.00,0.01,0.30,0.05,0.00,,0.00,16092.06,80624.53,10905.56,,4817.48,86787.08,198145.02,10905.56,0.75,"300,655",1.84,,,,,,
FY,1988,176104,3393,0.00,0.17,0.26,0.18,0.14,0.00,0.00,0.02,0.10,0.10,0.00,,550.16,33479.68,95034.12,7398.58,,28333.03,163298.83,203051.05,7398.58,0.70,"402,081",2.28,,,,,,
FY,1989,139547,165,0.00,0.05,0.35,0.30,0.02,0.00,0.00,0.07,0.16,0.04,0.01,,8882.36,32197.35,97003.62,21820.23,,105905.10,221226.97,263060.67,21820.23,0.61,"612,013",4.39,,,,,,
FY,1990,261682,2522,0.00,0.17,0.21,0.28,0.03,0.00,0.01,0.04,0.24,0.03,0.00,,519.31,11508.90,40367.42,1302.55,,11944.18,50968.00,75279.78,1302.55,0.75,"139,495",0.53,,,,,,
FY,1991,196147,300,0.00,0.01,0.33,0.35,0.03,0.00,0.00,0.10,0.14,0.01,0.00,,822.06,103646.07,63756.42,14388.46,,12330.97,337122.50,184413.74,14388.46,0.35,"548,256",2.80,,,,,,
FY,1992,174970,3401,0.00,0.06,0.15,0.42,0.02,0.00,0.00,0.03,0.29,0.02,0.00,,0.00,5484.42,60320.85,1762.35,,15274.16,27970.56,135583.57,1762.35,0.89,"180,591",1.03,,,,,,
FY,1993,285386,719,0.00,0.20,0.26,0.24,0.03,0.00,0.02,0.07,0.16,0.02,0.00,,205.67,42058.58,58744.91,11502.17,,18304.26,162700.28,115923.28,11502.17,0.52,"308,430",1.08,,,,,,
FY,1994,298087,881,0.00,0.02,0.41,0.24,0.02,0.00,0.00,0.07,0.21,0.02,0.00,,553.40,2741.43,81725.95,9256.05,,8301.03,16056.94,204617.56,9256.05,0.87,"238,232",0.80,,,,,,
FY,1995,255736,418,0.00,0.03,0.11,0.48,0.03,0.00,0.00,0.03,0.28,0.02,0.00,,0.00,9686.04,67192.03,20881.08,,783.27,53878.59,174150.78,20881.08,0.69,"249,694",0.98,,,,,,
FY,1996,188367,442,0.00,0.03,0.48,0.07,0.07,0.00,0.00,0.21,0.08,0.05,0.00,,0.00,2742.53,92031.41,5826.50,,1210.75,42509.25,218245.92,5826.50,0.91,"267,792",1.42,,,,,,
FY,1997,304732,3418,0.00,0.08,0.10,0.51,0.01,0.00,0.00,0.02,0.27,0.01,0.00,,0.00,13766.04,88951.16,4371.53,,2742.53,95743.60,187613.15,4371.53,0.83,"290,471",0.95,,,,,,
FY,1998,129642,604,0.00,0.02,0.36,0.23,0.04,0.00,0.00,0.13,0.18,0.04,0.00,,309.35,5826.50,98723.77,3018.14,,17323.56,96719.82,190283.08,3018.14,0.92,"307,345",2.37,,,,,,
FY,1999,199928,697,0.00,0.01,0.10,0.42,0.01,0.00,0.00,0.02,0.43,0.01,0.00,,0.00,11414.56,61704.27,2421.91,,2330.60,64115.80,149230.43,2421.91,0.82,"218,099",1.09,,,,,,
FY,2000,88046,938,0.00,0.00,0.16,0.43,0.04,0.00,0.00,0.03,0.29,0.04,0.00,,242.86,30013.76,52142.26,915.81,,24650.58,132630.64,97446.20,915.81,0.63,"255,643",2.90,,,,,,
FY,2001,222309,703,0.00,0.01,0.17,0.44,0.05,0.00,0.00,0.01,0.28,0.04,0.00,,0.00,24219.08,60626.67,3635.58,,6036.29,130498.12,141034.86,3635.58,0.69,"281,205",1.26,,,,,,
FY,2002,167814,2425,0.00,0.05,0.22,0.34,0.06,0.00,0.00,0.04,0.25,0.06,0.00,,0.00,6685.42,48509.00,1407.29,,6838.33,38738.79,99199.35,1407.29,0.86,"146,184",0.87,,,,,,
FY,2003,272475,769,0.00,0.01,0.30,0.33,0.02,0.00,0.00,0.02,0.30,0.02,0.00,,183.16,14334.57,60735.74,2106.50,,11172.89,125063.89,123989.78,2106.50,0.79,"262,333",0.96,,,,,,
FY,2004,194584,4770,0.00,0.08,0.18,0.32,0.02,0.00,0.00,0.04,0.34,0.02,0.00,,0.00,1851.70,31129.33,2302.47,,3531.70,23923.95,55783.14,2302.47,0.88,"85,541",0.44,,,,,,
FY,2005,189495,1755,0.00,0.02,0.35,0.30,0.01,0.00,0.00,0.10,0.21,0.01,0.00,,0.00,27540.49,39448.92,1370.26,,8591.88,123347.06,75213.90,1370.26,0.58,"208,523",1.10,,,,,,
FY,2006,191292,1681,0.00,0.03,0.44,0.19,0.01,0.00,0.00,0.10,0.22,0.01,0.00,,0.00,6830.65,40226.86,2794.86,,11390.68,53033.48,65087.25,2794.86,0.81,"132,306",0.69,,,,,,
FY,2007,147546,2103,0.00,0.06,0.17,0.42,0.00,0.00,0.00,0.03,0.31,0.00,0.00,,0.00,7830.05,69638.62,3167.52,,2609.46,39345.98,122740.97,3167.52,0.86,"167,864",1.14,,,,,,
FY,2008,136186,2248,0.00,0.02,0.47,0.22,0.01,0.00,0.00,0.06,0.21,0.02,0.00,,0.00,8850.39,49816.52,18649.96,,1957.51,46115.20,93585.94,18649.96,0.64,"160,309",1.18,,,,,,
FY,2009,197730,2148,0.00,0.05,0.14,0.40,0.01,0.00,0.00,0.01,0.38,0.01,0.00,,0.00,19581.06,49694.98,,,4658.10,123821.40,73911.23,,,,,,,,,,
FY,2010,101694,2503,0.00,0.06,0.49,0.13,0.01,0.00,0.00,0.14,0.16,0.01,0.00,,0.00,25765.64,,,,2303.65,84068.29,,,,,,,,,,,
FY,2011,154366,1784,0.00,0.02,0.34,0.26,0.03,0.00,0.00,0.05,0.29,0.02,0.00,,401.69,,,,,8091.21,,,,,,,,,,,,
FY,2012,103996,1109,0.00,0.02,0.29,0.23,0.01,0.00,0.00,0.07,0.37,0.01,0.00,,,,,,,,,,,,,,,,,,,
FY,2013,93580,769,0.00,0.03,0.21,0.30,0.01,0.00,0.00,0.05,0.39,0.02,0.00,,,,,,,,,,,,,,,,,,,
FY,2014,175728,1572,0.00,0.01,0.46,0.19,0.01,0.00,0.00,0.09,0.22,0.01,0.00,,,,,,,,,,,,,,,,,,,
FY,2015,216641,3277,0.00,0.04,0.31,0.13,0.01,0.00,0.00,0.14,0.26,0.10,0.00,,,,,,,,,,,,,,,,,,,
FY,2016,163306,,,,,,,,,,,,,,,,,,,,,,,,,,,,,,,
FY,2017,204406,,,,,,,,,,,,,,,,,,,,,,,,,,,,,,,
FY,2018,145379,,,,,,,,,,,,,,,,,,,,,,,,,,,,,,,
FY,2019,146132,,,,,,,,,,,,,,,,,,,,,,,,,,,,,,,
AY,1980,,116,0.00,0.28,0.48,0.07,0.00,0.00,0.00,0.11,0.04,0.02,0.00,,,,,,,,,,,,,,,,,,,
AY,1981,,438,0.00,0.19,0.32,0.19,0.00,0.00,0.03,0.05,0.21,0.00,0.00,,,,,,,,,,,,,,,,,,,
AY,1982,,601,0.02,0.34,0.50,0.04,0.01,0.00,0.02,0.01,0.04,0.01,0.00,,,,,,,,,,,,,,,,,,,
AY,1983,,325,0.00,0.20,0.41,0.25,0.00,0.00,0.00,0.01,0.14,0.00,0.00,,,,,,,,,,,,,,,,,,,
AY,1984,,781,0.00,0.14,0.54,0.16,0.01,0.00,0.00,0.02,0.13,0.01,0.00,,,,,,,,,,,,,,,,,,,
AY,1985,,739,0.00,0.47,0.15,0.17,0.01,0.00,0.00,0.00,0.18,0.02,0.00,,,,,,,,,,,,,,,,,,,
AY,1986,,486,0.00,0.02,0.69,0.14,0.02,0.00,0.00,0.05,0.05,0.03,0.00,,,,,,,,,,,,,,,,,,,
AY,1987,,551,0.00,0.07,0.11,0.42,0.00,0.00,0.00,0.01,0.37,0.01,0.00,,,,,246.95,,,,,246.95,,,,,,,,,
AY,1988,,650,0.00,0.34,0.30,0.09,0.02,0.00,0.00,0.03,0.12,0.09,0.00,,,,1364.71,67.32,,,,2638.44,94.25,,,,,,,,,
AY,1989,,424,0.00,0.06,0.69,0.16,0.01,0.00,0.00,0.04,0.04,0.00,0.00,,,402.91,1656.14,92.53,,,5601.81,2867.95,143.00,0.77,,,,,,,,
AY,1990,,924,0.00,0.37,0.22,0.14,0.00,0.00,0.00,0.06,0.19,0.01,0.00,,0.00,188.50,252.35,0.00,,909.81,1131.02,555.18,0.00,0.57,"2,596",,,,,,,
AY,1991,,718,0.00,0.09,0.58,0.14,0.01,0.00,0.00,0.06,0.11,0.01,0.00,,107.72,799.12,634.99,33.42,,3123.78,3995.59,1012.21,33.42,0.40,"8,165",,,,,,,
AY,1992,,93,0.00,0.26,0.52,0.11,0.00,0.00,0.00,0.01,0.09,0.02,0.00,,75.71,100.59,217.23,8.08,,378.53,691.57,534.73,24.25,0.54,"1,629",,,,,,,
AY,1993,,668,0.00,0.19,0.38,0.21,0.01,0.00,0.00,0.01,0.19,0.01,0.00,,213.76,609.93,606.25,0.00,,2502.22,3801.59,1269.08,8.57,0.42,"7,581",,,,,,,
AY,1994,7956,723,0.00,0.10,0.55,0.14,0.00,0.00,0.00,0.04,0.15,0.03,0.00,,41.78,137.42,222.74,30.58,,994.26,1705.58,633.95,61.16,0.51,"3,395",0.43,,,,,,
AY,1995,5844,536,0.00,0.42,0.13,0.17,0.00,0.00,0.01,0.03,0.23,0.01,0.00,,72.75,149.92,1116.17,29.78,,1931.92,1306.46,1452.54,41.69,0.82,"4,733",0.81,,,,,,
AY,1996,2982,612,0.01,0.06,0.62,0.06,0.01,0.00,0.01,0.16,0.05,0.02,0.00,,47.12,61.16,315.62,34.17,,227.02,519.86,720.57,34.17,0.69,"1,502",0.50,,,,,,
AY,1997,3188,669,0.00,0.54,0.14,0.09,0.00,0.00,0.05,0.02,0.15,0.00,0.00,,0.00,196.52,802.94,34.70,,550.44,2304.63,1167.39,34.70,0.78,"4,057",1.27,,,,,,
AY,1998,4143,642,0.00,0.18,0.60,0.06,0.00,0.00,0.01,0.11,0.04,0.01,0.00,,5.96,512.51,1052.52,4.78,,1578.11,2528.39,1353.24,4.78,0.67,"5,465",1.32,,,,,,
AY,1999,3459,612,0.00,0.38,0.32,0.13,0.00,0.00,0.01,0.03,0.12,0.00,0.00,,96.81,508.91,267.44,0.00,,871.27,4163.81,506.22,0.00,0.31,"5,541",1.60,,,,,,
AY,2000,1824,508,0.00,0.08,0.53,0.19,0.00,0.00,0.02,0.07,0.10,0.00,0.00,,451.08,596.96,1192.21,17.99,,4152.25,1771.78,1927.83,41.99,0.53,"7,894",4.33,,,,,,
AY,2001,2381,169,0.00,0.21,0.18,0.13,0.01,0.00,0.00,0.02,0.43,0.01,0.00,,57.31,1154.16,797.73,41.65,,506.22,5238.12,1565.47,65.45,0.39,"7,375",3.10,,,,,,
AY,2002,4124,780,0.00,0.34,0.45,0.09,0.00,0.00,0.00,0.04,0.07,0.01,0.00,,164.88,281.90,499.78,12.65,,1839.05,1673.43,797.27,17.24,0.52,"4,327",1.05,,,,,,
AY,2003,4342,812,0.00,0.17,0.44,0.08,0.00,0.00,0.02,0.11,0.17,0.01,0.00,,575.80,535.48,1123.18,35.73,,2591.12,3474.68,1994.59,35.73,0.49,"8,096",1.86,,,,,,
AY,2004,8377,839,0.00,0.38,0.38,0.03,0.00,0.00,0.05,0.05,0.11,0.00,0.00,,11.90,64.38,230.28,5.71,,166.59,767.94,301.75,5.71,0.74,"1,242",0.15,,,,,,
AY,2005,2382,584,0.00,0.16,0.42,0.09,0.00,0.00,0.02,0.21,0.10,0.00,0.00,,12.65,694.81,336.69,4.63,,1272.63,1719.16,564.95,4.63,0.32,"3,561",1.50,,,,,,
AY,2006,7813,710,0.00,0.19,0.45,0.08,0.00,0.00,0.02,0.13,0.13,0.00,0.00,,246.16,251.09,434.76,,,1675.48,2316.86,777.02,,0.47,"4,769",0.61,,,,,,
AY,2007,5306,979,0.00,0.34,0.24,0.13,0.00,0.00,0.10,0.05,0.14,0.00,0.00,,22.83,272.88,,,,2693.49,3121.96,,,,,,,,,,,
AY,2008,4270,757,0.00,0.03,0.65,0.07,0.01,0.00,0.00,0.12,0.11,0.01,0.00,,13.88,,,,,642.89,,,,,,,,,,,,
AY,2009,3992,3529,0.00,0.31,0.17,0.21,0.00,0.00,0.00,0.02,0.28,0.00,0.00,,,,,,,,,,,,,,,,,,,
AY,2010,3237,944,0.00,0.38,0.27,0.02,0.00,0.00,0.07,0.19,0.06,0.01,0.00,,,,,,,,,,,,,,,,,,,
AY,2011,5271,978,0.00,0.48,0.37,0.04,0.00,0.00,0.00,0.04,0.06,0.00,0.00,,,,,,,,,,,,,,,,,,,
AY,2012,4359,987,0.00,0.14,0.62,0.07,0.00,0.00,0.00,0.06,0.10,0.00,0.00,,,,,,,,,,,,,,,,,,,
AY,2013,,1286,0.00,0.06,0.40,0.13,0.00,0.00,0.08,0.27,0.05,0.00,0.00,,,,,,,,,,,,,,,,,,,
AY,2014,,2572,0.00,0.16,0.23,0.15,0.00,0.00,0.14,0.23,0.08,0.00,0.00,,,,,,,,,,,,,,,,,,,
AY,2015,,3277,0.00,0.04,0.31,0.13,0.01,0.00,0.14,0.26,0.10,0.00,0.00,,,,,,,,,,,,,,,,,,,
KE,1979,,,,,,,,,,,,,,,,,,4471.63,,,,,8943.26,,,,,,,,,
KE,1980,,,,,,,,,,,,,,,,,17886.52,1087.08,,,,26829.78,9376.10,,,,,,,,,
KE,1981,,,,,,,,,,,,,,,,15650.70,21334.02,1839.84,,,20122.33,50277.62,7018.66,,,,,,,,,
KE,1982,,,,,,,,,,,,,,,0.00,2989.48,18534.71,729.02,,4471.63,13045.00,47699.61,2916.09,0.83,"68,132",,,,,,,
KE,1983,,,,,,,,,,,,,,,0.00,2861.98,8930.52,763.99,0.00,1766.51,11720.48,24118.47,1782.65,0.71,"39,388",,,,,,,
KE,1984,,,,,,,,,,,,,,,0.00,3462.85,10059.23,575.36,0.00,3952.25,11239.09,19991.13,2054.86,0.71,"37,237",,,,,,,
KE,1985,,,,,,,,,,,,,,,546.77,2291.98,11014.04,493.40,0.00,3341.35,7639.92,19562.25,1874.91,0.77,"32,418",,,,,,,
KE,1986,"42,101",27,0.00,0.07,0.07,0.15,0.07,,0.00,0.26,0.30,0.07,,,0.00,2219.25,9966.63,358.55,0.00,3565.30,11918.18,31676.13,3226.99,0.79,"50,387",1.20,,,,,,
KE,1987,"48,393",1100,0.00,0.02,0.13,0.39,0.11,,0.00,0.04,0.29,0.01,,,164.39,3355.10,15776.39,777.21,0.00,4109.72,14999.29,40516.63,2642.51,0.79,"62,268",1.29,,,,,,
KE,1988,"42,815",1033,0.00,0.06,0.13,0.41,0.07,,0.00,0.04,0.26,0.03,,,0.00,3406.27,13212.53,91.19,0.00,2565.67,13087.23,35906.99,1185.45,0.79,"52,745",1.23,,,,,,
KE,1989,"26,253",685,0.00,0.07,0.19,0.36,0.05,,0.01,0.08,0.21,0.02,,,0.00,3264.27,9757.19,79.91,0.00,2689.16,11036.35,25259.26,559.40,0.74,"39,544",1.51,,,,,,
KE,1990,"25,139",259,0.00,0.11,0.16,0.30,0.03,,0.00,0.07,0.31,0.02,,,155.44,2553.28,10788.46,539.82,0.00,3575.15,12948.79,24533.77,1403.54,0.77,"42,461",1.69,,,,,,
KE,1991,"27,133",458,0.00,0.10,0.26,0.23,0.04,,0.00,0.06,0.29,0.02,,,273.57,4794.87,7989.36,98.02,0.00,4103.49,16302.57,16194.64,98.02,0.61,"36,699",1.35,,,,,,
KE,1992,"37,469",518,0.00,0.05,0.23,0.42,0.03,,0.00,0.07,0.19,0.01,,,0.00,5182.29,5391.25,0.00,0.00,2557.27,17274.29,15389.57,0.00,0.51,"35,221",0.94,,,,,,
KE,1993,"33,432",664,0.00,0.05,0.16,0.42,0.05,,0.00,0.06,0.27,0.01,,,323.89,7057.64,8877.75,296.93,0.00,10472.54,23525.45,24096.75,296.93,0.54,"58,392",1.75,,,,,,
KE,1994,"26,145",342,0.00,0.06,0.15,0.43,0.04,,0.00,0.06,0.25,0.01,,,196.05,7820.88,8017.17,254.90,0.00,4116.95,17544.13,21379.13,1529.38,0.49,"44,570",1.70,,,,,,
KE,1995,"24,874",477,0.00,0.09,0.24,0.36,0.03,,0.01,0.06,0.22,0.00,,,211.38,3117.79,8284.15,0.00,0.00,4016.13,12322.69,17205.54,535.02,0.71,"34,079",1.37,,,,,,
KE,1996,"29,056",550,0.00,0.06,0.26,0.31,0.01,,0.00,0.11,0.25,0.00,,,593.86,5352.84,10232.33,0.00,0.00,7720.24,15548.71,21334.08,2060.12,0.63,"46,663",1.61,,,,,,
KE,1997,"25,221",420,0.00,0.22,0.27,0.18,0.02,,0.01,0.11,0.18,0.01,,,764.69,1872.58,20601.21,828.60,0.00,9940.98,11770.53,41202.42,3148.69,0.86,"66,063",2.62,,,,,,
KE,1998,"33,385",440,0.00,0.09,0.38,0.23,0.00,,0.00,0.16,0.13,0.00,,,1538.19,4120.24,20217.90,850.39,1529.38,21467.83,16480.97,48721.83,2551.18,0.76,"90,751",2.72,,,,,,
KE,1999,"29,100",216,0.00,0.08,0.21,0.33,0.00,,0.00,0.17,0.19,0.00,,,0.00,7291.70,13818.90,172.05,802.54,8240.48,26183.84,34653.55,172.05,0.65,"70,052",2.41,,,,,,
KE,2000,"25,502",281,0.00,0.17,0.22,0.32,0.00,,0.01,0.07,0.19,0.01,,,331.44,4251.97,7570.39,192.30,0.00,12263.32,16582.68,16861.31,576.90,0.61,"46,284",1.81,,,,,,
KE,2001,"29,531",359,0.03,0.20,0.22,0.19,0.03,,0.02,0.12,0.18,0.01,,,4039.37,7054.22,8268.84,0.00,994.32,28700.80,20130.34,16345.39,932.90,0.43,"67,104",2.27,,,,,,
KE,2002,"40,514",836,0.01,0.36,0.18,0.20,0.01,,0.03,0.03,0.18,0.00,,,2752.87,6538.16,8862.51,263.32,1700.79,19958.29,19614.47,21456.61,263.32,0.48,"62,993",1.55,,,,,,
KE,2003,"48,461",66,0.00,0.12,0.18,0.30,0.03,,0.00,0.06,0.30,0.00,,,576.90,3731.58,1974.93,163.69,0.00,7884.25,10728.31,5661.46,491.07,0.31,"24,765",0.51,,,,,,
KE,2004,"65,112",551,0.01,0.13,0.21,0.31,0.03,,0.00,0.08,0.22,0.01,,,233.22,4344.85,3355.65,0.00,0.00,8629.29,11717.92,8102.66,439.68,0.42,"28,890",0.44,,,,,,
KE,2005,"55,688",396,0.02,0.29,0.15,0.25,0.02,,0.05,0.05,0.16,0.01,,,394.99,2291.66,4396.83,0.00,932.90,8294.70,6056.53,13190.50,748.58,0.62,"29,223",0.52,,,,,,
KE,2006,"39,305",332,0.00,0.30,0.23,0.16,0.00,,0.05,0.12,0.13,0.00,,,0.00,3737.31,4491.48,59.68,2106.59,7202.36,9013.51,8982.97,179.03,0.54,"27,484",0.70,,,,,,
KE,2007,"29,664",231,0.00,0.16,0.29,0.18,0.01,,0.01,0.15,0.19,0.00,,,219.84,2620.03,358.06,,327.38,2857.94,5614.35,1074.17,,,,,,,,,,
KE,2008,"28,094",183,0.02,0.20,0.16,0.30,0.02,,0.01,0.09,0.21,0.00,,,374.29,1312.88,,,879.37,5614.35,4893.46,,,,,,,,,,,
KE,2009,"18,251",213,0.08,0.28,0.26,0.13,0.00,,0.01,0.15,0.07,0.01,,,238.71,,,,2245.74,6325.69,,,,,,,,,,,,
KE,2010,"13,037",271,0.01,0.32,0.17,0.21,0.01,,0.00,0.10,0.15,0.01,,,,,,,1909.64,,,,,,,,,,,,,
KE,2011,"15,731",120,0.03,0.10,0.20,0.33,0.02,,0.01,0.14,0.17,0.00,,,,,,,,,,,,,,,,,,,,
KE,2012,"22,453",62,0.10,0.23,0.13,0.19,0.03,,0.02,0.11,0.19,0.00,,,,,,,,,,,,,,,,,,,,
KE,2013,"12,305",241,0.13,0.42,0.25,0.05,0.01,,0.02,0.09,0.02,0.00,,,,,,,,,,,,,,,,,,,,
KE,2014,11980,,,,,,,,,,,,,,,,,,,,,,,,,,,,,,,
KE,2015,16825,,,,,,,,,,,,,,,,,,,,,,,,,,,,,,,
KE,2016,14676,,,,,,,,,,,,,,,,,,,,,,,,,,,,,,,
KE,2017,20634,,,,,,,,,,,,,,,,,,,,,,,,,,,,,,,
KE,2018,17285,,,,,,,,,,,,,,,,,,,,,,,,,,,,,,,
KE,2019,11548,,,,,,,,,,,,,,,,,,,,,,,,,,,,,,,
KL,1983,,,,,,,,,,,,,,,,596.11,11755.16,220.84,,,3278.62,26513.47,1398.66,,,,,,,,,
KL,1984,,,,,,,,,,,,,,,0.00,1716.08,5889.11,935.28,,1291.58,4890.84,18256.23,2338.20,0.69,,,,,,,,
KL,1985,,,,,,,,,,,,,,,600.63,736.14,10677.77,569.01,0.00,5062.44,6772.47,24551.09,1517.36,0.85,,,,,,,,
KL,1986,"42,101",,,,,,,,,,,,,,662.52,935.28,14794.24,873.69,42.90,6551.63,7014.60,35847.58,3494.75,0.86,,,,,,,,
KL,1987,"48,393",,,,,,,,,,,,,,0.00,1422.52,15071.12,1245.96,0.00,3741.12,9388.65,39971.23,2907.24,0.85,,,,,,,,
KL,1988,"42,815",1417,0.00,0.02,0.04,0.42,0.16,0.00,0.00,0.01,0.32,0.04,0.00,,0.00,764.48,14536.21,389.53,0.00,4362.40,10156.62,39621.56,2466.99,0.93,"56,608",1.32,,,,,,
KL,1989,"26,253",970,0.00,0.11,0.08,0.35,0.07,0.00,0.01,0.04,0.28,0.05,0.00,,218.42,1162.90,7011.46,169.48,0.00,5897.39,6645.13,19476.27,395.46,0.82,"32,414",1.23,,,,,,
KL,1990,"25,139",448,0.00,0.18,0.18,0.38,0.04,0.00,0.02,0.02,0.18,0.01,0.00,,0.00,1558.10,7570.31,216.44,0.00,3987.08,10127.66,23840.83,865.78,0.81,"38,821",1.54,,,,,,
KL,1991,"27,133",483,0.00,0.10,0.16,0.37,0.04,0.00,0.00,0.02,0.28,0.02,0.00,,0.00,3785.16,13311.30,95.63,0.00,11426.08,15310.11,31276.15,1625.74,0.77,"59,638",2.20,,,,,,
KL,1992,"37,469",539,0.00,0.09,0.16,0.41,0.02,0.00,0.00,0.03,0.29,0.01,0.00,,0.00,2489.11,9754.46,614.91,0.00,4293.61,10930.42,26394.41,2152.18,0.76,"43,771",1.17,,,,,,
KL,1993,"33,432",545,0.00,0.10,0.16,0.42,0.04,0.00,0.00,0.01,0.25,0.01,0.00,,324.67,1625.74,8378.14,81.80,112.99,2272.66,6598.60,25903.05,899.82,0.80,"35,787",1.07,,,,,,
KL,1994,"26,145",640,0.00,0.08,0.10,0.47,0.03,0.00,0.00,0.02,0.27,0.02,0.00,,95.63,1229.82,8834.61,475.37,0.00,8511.24,10607.18,23722.57,1426.10,0.83,"44,267",1.69,,,,,,
KL,1995,"24,874",335,0.00,0.26,0.20,0.29,0.05,0.00,0.00,0.04,0.16,0.01,0.00,,230.59,2290.45,11527.63,382.68,0.00,6840.86,14724.35,28403.13,2143.03,0.80,"52,111",2.10,,,,,,
KL,1996,"29,056",778,0.00,0.10,0.26,0.37,0.01,0.00,0.00,0.09,0.17,0.00,0.00,,245.41,2376.83,12552.01,192.92,153.73,2372.26,8794.28,30231.96,347.25,0.82,"41,899",1.44,,,,,,
KL,1997,"25,221",419,0.00,0.04,0.19,0.40,0.01,0.00,0.01,0.05,0.29,0.00,0.00,,475.37,1454.20,10803.36,801.99,0.00,7130.49,11786.64,29709.24,4239.08,0.80,"52,865",2.10,,,,,,
KL,1998,"33,385",451,0.00,0.20,0.12,0.39,0.04,0.00,0.00,0.04,0.23,0.00,0.00,,1645.54,2276.42,24174.19,1220.13,0.00,10600.32,14160.12,61065.62,7015.75,0.82,"92,842",2.78,,,,,,
KL,1999,"29,100",594,0.00,0.14,0.21,0.38,0.03,0.00,0.01,0.03,0.18,0.01,0.00,,4244.18,2176.82,19064.54,1389.45,1148.05,22532.72,18903.99,37671.53,4940.28,0.71,"85,197",2.93,,,,,,
KL,2000,"25,502",510,0.00,0.05,0.30,0.36,0.02,0.00,0.01,0.05,0.21,0.00,0.00,,458.28,2745.29,9726.18,941.37,1234.67,7103.32,14031.50,20224.28,3765.49,0.70,"46,359",1.82,,,,,,
KL,2001,"29,531",385,0.00,0.15,0.14,0.37,0.02,0.00,0.01,0.05,0.25,0.01,0.00,,4880.52,2161.37,11649.48,307.60,0.00,24250.09,18371.67,25652.39,1999.42,0.61,"70,274",2.38,,,,,,
KL,2002,"40,514",1461,0.02,0.16,0.18,0.32,0.03,0.00,0.03,0.03,0.22,0.01,0.00,,1080.69,1647.40,9151.21,537.83,1220.13,13585.77,10472.77,21301.55,1459.82,0.74,"48,040",1.19,,,,,,
KL,2003,"48,461",1762,0.02,0.27,0.17,0.28,0.00,0.00,0.06,0.03,0.16,0.00,0.00,,529.52,1153.51,2612.32,46.11,0.00,3588.98,4844.76,8912.61,507.23,0.60,"17,854",0.37,,,,,,
KL,2004,"65,112",797,0.00,0.07,0.18,0.40,0.04,0.00,0.01,0.02,0.26,0.01,0.00,,76.90,2919.65,4657.34,299.78,941.37,14072.86,8451.62,8254.10,1349.03,0.59,"33,069",0.51,,,,,,
KL,2005,"55,688",1104,0.01,0.23,0.13,0.22,0.07,0.00,0.06,0.03,0.23,0.01,0.00,,307.33,830.02,4346.87,372.79,461.41,7529.62,4519.00,10942.12,1304.76,0.74,"24,757",0.44,,,,,,
KL,2006,"39,305",740,0.00,0.22,0.28,0.18,0.06,0.00,0.02,0.04,0.17,0.02,0.00,,138.34,3447.52,3168.69,92.19,1690.32,8161.87,10042.77,8201.32,215.12,0.46,"28,311",0.72,,,,,,
KL,2007,"29,664",755,0.02,0.07,0.20,0.32,0.06,0.00,0.01,0.04,0.26,0.02,0.00,,299.78,1025.16,2519.92,,737.80,3147.73,5498.61,3995.00,,,,,,,,,,
KL,2008,"28,094",555,0.01,0.33,0.09,0.28,0.04,0.00,0.00,0.03,0.21,0.01,0.00,,186.39,891.19,,,899.35,7642.14,4947.65,,,,,,,,,,,
KL,2009,"18,251",365,0.06,0.26,0.20,0.22,0.03,0.00,0.01,0.10,0.09,0.02,0.00,,61.46,,,,559.18,4117.92,,,,,,,,,,,,
KL,2010,"13,037",481,0.03,0.36,0.17,0.16,0.02,0.00,0.01,0.04,0.21,0.00,0.00,,,,,,1106.31,,,,,,,,,,,,,
KL,2011,"15,731",352,0.03,0.11,0.25,0.25,0.04,0.00,0.01,0.13,0.16,0.01,0.00,,,,,,,,,,,,,,,,,,,
KL,2012,"22,453",249,0.02,0.32,0.19,0.22,0.04,0.00,0.01,0.04,0.14,0.02,0.00,,,,,,,,,,,,,,,,,,,
KL,2013,"12,305",468,0.08,0.28,0.28,0.10,0.01,0.00,0.00,0.06,0.18,0.01,0.00,,,,,,,,,,,,,,,,,,,
KL,2014,11980,,,,,,,,,,,,,,,,,,,,,,,,,,,,,,,
KL,2015,16825,,,,,,,,,,,,,,,,,,,,,,,,,,,,,,,
KL,2016,14676,,,,,,,,,,,,,,,,,,,,,,,,,,,,,,,
KL,2017,20634,,,,,,,,,,,,,,,,,,,,,,,,,,,,,,,
KL,2018,17285,,,,,,,,,,,,,,,,,,,,,,,,,,,,,,,
KL,2019,11548,,,,,,,,,,,,,,,,,,,,,,,,,,,,,,,
