Year,Sys,pAge,RS,FL6,IncFW,IncS1,IncS2,IncS3,IncS4,MrgFW,MrgS1,MrgS2,MrgS3,AirJJA,Air60,SstS1,SstS2,SstS3,SstS4,SstW1,SstW2,SstW3,SstW4,SbmS1,SbmS2,SbmS3,SbmS4,Flen
1995,DC,0.233799821,4.41626353,890,0.325774586,1.052791599,1.157421818,1.412833685,0.8087,-0.0219,0.0085,0.0672,0.079,56.00000336,41.22727273,10.22266667,8.927333333,7.977,8.703,3.865333333,2.172333333,2.712666667,4.244,3.803043571,3.894318333,3.687387307,3.198210782,772.9578947
1996,DC,0.175856076,1.63731563,890,0.319550551,1.060129919,1.254150811,1.456563318,0.8718,0.0344,-0.04225,0.16405,0.1509,56.00000336,41.22727273,8.927333333,7.977,8.703,8.773666667,2.172333333,2.712666667,4.244,2.602666667,3.894318333,3.687387307,3.198210782,3.714729574,820.7534247
1997,DC,0.227771061,1.103804521,880,0.308026292,0.986673088,1.232900589,1.489564371,0.8442,0.0134,-0.0179,0.1977,0.1123,45.35632184,23,7.977,8.703,8.773666667,10.18666667,2.712666667,4.244,2.602666667,4.649,3.687387307,3.198210782,3.714729574,3.671482726,799.6932515
1998,DC,0.269859637,1.315164656,880,0.308348382,1.019451473,1.185533507,1.329565614,1.0311,-0.0525,0.0107,0.1416,0.2934,55.98913043,35,8.703,8.773666667,10.18666667,10.21866667,4.244,2.602666667,4.649,3.149,3.198210782,3.714729574,3.671482726,4.061947926,821.185567
1999,DC,0.091425863,1.743590008,870,0.310962147,1.120510376,1.079583123,1.373080682,0.9063,-0.00855,0.06535,-0.0157,0.1906,55.72727273,41.22727273,8.773666667,10.18666667,10.21866667,11.21466667,2.602666667,4.649,3.149,3.942666667,3.714729574,3.671482726,4.061947926,3.97842419,821.406639
2000,DC,0.24484593,1.228089041,850,0.310721623,1.143709728,1.237819325,1.266188959,0.9835,-0.018,0.0252,-0.0147,0.35535,57.08695652,46,10.18666667,10.21866667,11.21466667,10.52566667,4.649,3.149,3.942666667,2.858666667,3.671482726,4.061947926,3.97842419,3.976750216,787.3411371
2001,DC,0.19606979,1.133809376,860,0.33714979,1.118928953,1.108045079,1.361524987,0.8838,0.0081,-0.0453,0.0469,0.0362,56.36956522,42,10.21866667,11.21466667,10.52566667,8.94,3.149,3.942666667,2.858666667,1.864333333,4.061947926,3.97842419,3.976750216,3.795776189,816.6911765
2002,DC,0.207136751,0.740088362,860,0.281742813,1.199918236,1.201898636,1.313740949,0.8792,-0.0564,0.0311,-0.0281,0.2497,58.41304348,51,11.21466667,10.52566667,8.94,9.28,3.942666667,2.858666667,1.864333333,2.004333333,3.97842419,3.976750216,3.795776189,3.63939791,785.2996845
2003,DC,0.298284249,0.20835456,840,0.332309052,1.148616865,1.209310119,1.400958844,0.8823,-0.0364,0.2415,0.1449,0.2141,61.65217391,83,10.52566667,8.94,9.28,8.255333333,2.858666667,1.864333333,2.004333333,2.160333333,3.976750216,3.795776189,3.63939791,3.009273758,770.8979592
2004,DC,0.454125366,0.151506032,795,0.333640649,1.027351541,1.171256429,1.289738067,0.6314,-0.004,0.03675,-0.163,0.34805,58.79347826,60,8.94,9.28,8.255333333,8.537666667,1.864333333,2.004333333,2.160333333,2.934,3.795776189,3.63939791,3.009273758,3.91171874,787.5490196
2005,DC,0.078119954,0.663721407,810,0.343916437,1.018508768,1.169352735,1.461559208,0.8839,0.03695,0.04435,-0.05545,0.41295,56.23611111,34,9.28,8.255333333,8.537666667,8.047,2.004333333,2.160333333,2.934,2.924,3.63939791,3.009273758,3.91171874,3.666082985,783.0175439
2006,DC,0.193689441,0.612185202,867.5,0.30693261,1.031771591,1.165976092,1.343294986,0.9518,0.00545,0.04355,0.09605,0.3581,55.91304348,29,8.255333333,8.537666667,8.047,7.924666667,2.160333333,2.934,2.924,1.211333333,3.009273758,3.91171874,3.666082985,3.641450374,779.2190476
2007,DC,0.280372999,0.786524976,840,0.32949278,1.057041739,1.148345582,1.179426016,0.9703,-0.0115,0.0277,0.128,0.1924,53,9,8.537666667,8.047,7.924666667,7.518666667,2.934,2.924,1.211333333,3.064666667,3.91171874,3.666082985,3.641450374,3.222191528,798.6388889
1995,CP,0.205302831,,874,0.31590482,1.429903937,1.216027434,1.220531359,0.91304566,0.010132515,0.14869555,0.206287685,0.07195,53.47826087,10,12.42,10.66766667,10.07666667,10.49966667,3.865333333,2.172333333,2.712666667,4.244,3.803043571,3.894318333,3.687387307,3.198210782,846.031401
1996,CP,0.235252209,,892,0.306990088,1.363171007,1.240915682,1.419117998,0.8252,0.04975332,0.0635299,0.04832747,0.29079281,54.54347826,16,10.66766667,10.07666667,10.49966667,10.83733333,2.172333333,2.712666667,4.244,2.602666667,3.894318333,3.687387307,3.198210782,3.714729574,849.5804989
1997,CP,0.290370547,,891,0.273977295,1.162360628,1.239963514,1.430981346,1.0284,0.0143,0.027,0.0428,0.2236,51.39130435,1,10.07666667,10.49966667,10.83733333,11.18266667,2.712666667,4.244,2.602666667,4.649,3.687387307,3.198210782,3.714729574,3.671482726,843.7824351
1998,CP,0.362202503,,896,0.291679704,1.263984718,1.199208219,1.251566597,0.98395152,-0.00226181,-0.03232643,0.16015863,0.1145,53.94565217,16,10.49966667,10.83733333,11.18266667,11.30366667,4.244,2.602666667,4.649,3.149,3.198210782,3.714729574,3.671482726,4.061947926,813.491453
1999,CP,0.254169717,4.091316426,903,0.302935981,1.33500164,1.118049559,1.35028453,0.9853,0.01583738,0.1119,0.04770826,0.1152,52.04545455,11.59183673,10.83733333,11.18266667,11.30366667,12.29633333,2.602666667,4.649,3.149,3.942666667,3.714729574,3.671482726,4.061947926,3.97842419,822.0107239
2000,CP,0.218242762,2.653242705,854,0.262939814,1.3556117,1.301686321,1.20104156,0.8942,-0.0364,0.1174,0.0542,0.176,53.54347826,6,11.18266667,11.30366667,12.29633333,12.30166667,4.649,3.149,3.942666667,2.858666667,3.671482726,4.061947926,3.97842419,3.976750216,810.0528634
2001,CP,0.211730518,3.119153325,866,0.28953355,1.36716122,1.118718038,1.370875349,0.9723,-0.0076,0.1295,0.0442,0.28899465,52.98913043,12,11.30366667,12.29633333,12.30166667,10.28533333,3.149,3.942666667,2.858666667,1.864333333,4.061947926,3.97842419,3.976750216,3.795776189,811.5542169
2002,CP,0.165719607,4.267095413,874,0.310097723,1.326275404,1.211315445,1.381295294,0.8269204,-0.0394,0.07280712,-0.0226,0.3578,53.82608696,15,12.29633333,12.30166667,10.28533333,10.85166667,3.942666667,2.858666667,1.864333333,2.004333333,3.97842419,3.976750216,3.795776189,3.63939791,817.3251366
2003,CP,0.303560237,1.470225568,850,0.334995709,1.399666994,1.144129441,1.236966451,0.7711,0.0254,0.05108523,0.05594163,0.05233191,56.86956522,47,12.30166667,10.28533333,10.85166667,10.04633333,2.858666667,1.864333333,2.004333333,2.160333333,3.976750216,3.795776189,3.63939791,3.009273758,816.4794521
2004,CP,0.17831642,1.194667134,847,0.323062675,1.385165813,1.178451411,1.279800078,0.89357897,0.04410124,0.08836691,0.12482261,0.13651839,54.2826087,15,10.28533333,10.85166667,10.04633333,10.304,1.864333333,2.004333333,2.160333333,2.934,3.795776189,3.63939791,3.009273758,3.91171874,821.1071429
2005,CP,0.118347384,1.341682775,865,0.314106,1.248481332,1.173003741,1.282700799,0.9351,0.02159034,0.03936425,0.13272728,0.04353453,52.23913043,4,10.85166667,10.04633333,10.304,9.944,2.004333333,2.160333333,2.934,2.924,3.63939791,3.009273758,3.91171874,3.666082985,822.9335548
2006,CP,0.117533949,1.007852854,867.5,0.327301775,1.296763191,1.13001739,1.363350276,0.92705,0.0283873,0.1477,0.11455,0.20521161,53.42391304,14,10.04633333,10.304,9.944,9.968666667,2.160333333,2.934,2.924,1.211333333,3.009273758,3.91171874,3.666082985,3.641450374,780.5568445
2007,CP,0.119397519,1.307271071,878.5,0.291694406,1.317827244,1.202755701,1.301391282,0.8177,0.0769,0.07390284,0.0834,0.19879174,50.0326087,1,10.304,9.944,9.968666667,9.430333333,2.934,2.924,1.211333333,3.064666667,3.91171874,3.666082985,3.641450374,3.222191528,798.5721785
2008,CP,0.157277706,1.316926566,872,0.251192594,1.375168197,1.145295824,1.300181192,0.9505,0.0209,0.0911,0.18706989,0.1611,52.63043478,8,9.944,9.968666667,9.430333333,10.681,2.924,1.211333333,3.064666667,3.895,3.666082985,3.641450374,3.222191528,3.77147875,790.2490706
1979,BC,0.596782455,,857,0.380581398,1.488632565,1.040386061,1.09542326,1.1322,0.05025,0.14265,0.29085,0.0936,50.5,10,8.767666667,7.403,8.722333333,8.591666667,0.490333333,-0.105666667,-1.586666667,0.299666667,2.53690251,2.569691889,2.537062986,2.748330382,600.8571429
1981,BC,0.535463449,,865,0.314106847,1.394280333,0.978613321,0.980614591,1.0686,0.0342,0.004,0.16,0.2233,53.43478261,21,8.722333333,8.591666667,8.075666667,8.036666667,-1.586666667,0.299666667,-0.774666667,0.959,2.537062986,2.748330382,3.068533283,3.077115749,875.2
1982,BC,0.695454388,2.962689834,870,0.326413256,1.374330681,0.986405036,1.109029723,1.1645,0.07025,0.0038,0.2115,0.18995,51.48913043,6,8.591666667,8.075666667,8.036666667,8.756333333,0.299666667,-0.774666667,0.959,-1.046333333,2.748330382,3.068533283,3.077115749,2.81431907,876.8529412
1983,BC,0.539914894,4.078432065,889,0.330841388,1.31563462,1.079662905,1.086257525,1.12475,0.0001,0.03995,0.163,0.1799,52.84782609,16,8.075666667,8.036666667,8.756333333,8.066,-0.774666667,0.959,-1.046333333,0.060666667,3.068533283,3.077115749,2.81431907,3.162825784,846.6438356
1984,BC,0.414380516,1.704943391,878,0.313244427,1.30086126,1.011437019,1.046431763,1.0952,-0.01685,-0.0808,-0.12,0.02785,53.31521739,26,8.036666667,8.756333333,8.066,8.682666667,0.959,-1.046333333,0.060666667,-0.762333333,3.077115749,2.81431907,3.162825784,3.392621031,840.5517241
1985,BC,0.494684508,4.034539768,864,0.336028469,1.456508245,1.103977183,1.255250488,0.958,0.02975,0.11575,0.30915,0.30795,52.77173913,14,8.756333333,8.066,8.682666667,8.244,-1.046333333,0.060666667,-0.762333333,-1.55,2.81431907,3.162825784,3.392621031,3.533875614,790.6909091
1986,BC,0.588254473,4.59625437,860,0.357672357,1.389174308,1.267253336,1.142625642,1.0693,-0.02325,-0.0444,0.1599,0.2833,54.09782609,19,8.066,8.682666667,8.244,8.685,0.060666667,-0.762333333,-1.55,-2.195666667,3.162825784,3.392621031,3.533875614,3.334140052,863.4063927
1987,BC,0.610545387,2.638563158,872.5,0.350354393,1.277514647,1.121843815,1.035857594,1.1834,0.10295,0.0075,0.22725,0.2582,54.63043478,30,8.682666667,8.244,8.685,7.629,-0.762333333,-1.55,-2.195666667,-0.135,3.392621031,3.533875614,3.334140052,3.010150208,831.3093923
1988,BC,0.814200548,3.618343973,844,0.341391304,1.394109508,1.094477946,0.99360499,1.0299,-0.0243,-0.05105,0.2178,0.4486,53.35869565,16,8.244,8.685,7.629,8.569666667,-1.55,-2.195666667,-0.135,-0.053666667,3.533875614,3.334140052,3.010150208,3.802549949,823.3765823
1989,BC,0.642615265,6.229356803,862,0.324317187,1.517950575,0.896708818,1.200742903,0.9776,0.05295,0.0729,0.26135,0.2305,54.77173913,31,8.685,7.629,8.569666667,7.859,-2.195666667,-0.135,-0.053666667,-1.372333333,3.334140052,3.010150208,3.802549949,4.155865263,780.662069
1990,BC,0.660065625,1.897652962,827,0.341759549,1.226882916,1.204408468,1.04238069,1.0543,0.00965,0.0529,0.1248,0.2114,54.61956522,23,7.629,8.569666667,7.859,8.812,-0.135,-0.053666667,-1.372333333,0.689333333,3.010150208,3.802549949,4.155865263,4.271559929,827.7272727
1991,BC,0.762797296,3.885530081,865,0.344438058,1.346023152,0.964197127,1.058328761,0.9352,0.0589,0.1814,0.2591,0.1977,53.93478261,18,8.569666667,7.859,8.812,8.397,-0.053666667,-1.372333333,0.689333333,-0.692666667,3.802549949,4.155865263,4.271559929,4.235556925,823.9105691
1992,BC,0.793097072,1.386697774,837,0.368865078,1.351056803,1.052493443,1.065282477,1.01645,0.05525,-0.1616,0.25535,-0.0725,54.85869565,28,7.859,8.812,8.397,9.071,-1.372333333,0.689333333,-0.692666667,-0.441333333,4.155865263,4.271559929,4.235556925,3.803043571,826.060241
1993,BC,0.603452071,2.003301008,845,0.351034977,1.423849921,1.169216483,1.12585978,0.9815,0.0249,0.1479,0.3451,0.3622,53.2173913,20,8.812,8.397,9.071,7.511666667,0.689333333,-0.692666667,-0.441333333,-1.949,4.271559929,4.235556925,3.803043571,3.894318333,854.9299065
1994,BC,0.753691915,0.543099135,860,0.308914034,1.435539312,0.996515093,1.03701429,1.1188,-0.00785,0.0058,0.309,0.40885,53.2173913,20,8.397,9.071,7.511666667,7.315333333,-0.692666667,-0.441333333,-1.949,0.071333333,4.235556925,3.803043571,3.894318333,3.687387307,784.0571429
1995,BC,0.847819483,0.702663685,852,0.324974878,1.521082756,0.918850663,1.034353574,1.1054,0.09995,-0.08365,0.08165,0.40225,52.41304348,17,9.071,7.511666667,7.315333333,8.506666667,-0.441333333,-1.949,0.071333333,2.320333333,3.803043571,3.894318333,3.687387307,3.198210782,825.1711712
1997,BC,0.697063488,0.941529065,867,0.363381835,1.272823295,1.098716561,1.108099239,1.10265,0.08345,0.06185,0.61275,0.0496,51.93478261,15,7.315333333,8.506666667,7.678,8.973,0.071333333,2.320333333,-1.138,2.086333333,3.687387307,3.198210782,3.714729574,3.671482726,824.1189024
1998,BC,0.825512679,1.743655886,835,0.33491928,1.455310893,1.023783963,1.106075479,0.9467,0.0384,0.0746,0.2886,0.2966,51.76086957,13,8.506666667,7.678,8.973,9.766666667,2.320333333,-1.138,2.086333333,0.832333333,3.198210782,3.714729574,3.671482726,4.061947926,801.7416667
1999,BC,0.775966655,2.494331032,810,0.332986899,1.323197312,1.045204675,1.164559614,1.1011,0.02755,0.144,0.289,0.31735,53.24615385,21.17647059,7.678,8.973,9.766666667,10.00666667,-1.138,2.086333333,0.832333333,1.806,3.714729574,3.671482726,4.061947926,3.97842419,842.1300813
1981,KO,0.256773648,0.896166771,865,0.339549246,1.433739239,1.061570669,1.045248922,0.95845,0.03245,0.1149,0.13825,0.222,51.29347826,17,8.722333333,8.591666667,8.075666667,8.036666667,-1.586666667,0.299666667,-0.774666667,0.959,2.537062986,2.748330382,3.068533283,3.077115749,908.0948081
1983,KO,0.8127484,23.25669871,880,0.353461642,1.365473265,1.072505386,1.179096949,0.9001,-0.01925,0.1752,0.34005,0.1049,52.52173913,19,8.075666667,8.036666667,8.756333333,8.066,-0.774666667,0.959,-1.046333333,0.060666667,3.068533283,3.077115749,2.81431907,3.162825784,880.2205882
1984,KO,0.696234268,3.59308408,860,0.358885888,1.306012508,1.112395032,1.075555002,0.8355,0.01875,0.11465,0.2229,-0.11825,49.62295082,20.31428571,8.036666667,8.756333333,8.066,8.682666667,0.959,-1.046333333,0.060666667,-0.762333333,3.077115749,2.81431907,3.162825784,3.392621031,860.3674699
1985,KO,0.709680136,8.685345048,890,0.342077324,1.493527326,1.057581576,1.160937402,0.765,0.0479,0.0856,0.1915,0.0308,50.04878049,20.31428571,8.756333333,8.066,8.682666667,8.244,-1.046333333,0.060666667,-0.762333333,-1.55,2.81431907,3.162825784,3.392621031,3.533875614,863.9455041
1986,KO,0.635827875,5.804651916,895,0.355836137,1.410073801,1.281357146,1.170157404,0.7586,0.0051,-1E-04,0.23,0.0319,51.50783315,20.31428571,8.066,8.682666667,8.244,8.685,0.060666667,-0.762333333,-1.55,-2.195666667,3.162825784,3.392621031,3.533875614,3.334140052,872.0710059
1987,KO,0.869996768,5.078187199,885,0.362856508,1.236281468,1.093141403,1.086879057,1.0017,-0.0205,0.1306,0.223,0.235,49.89285714,20.31428571,8.682666667,8.244,8.685,7.629,-0.762333333,-1.55,-2.195666667,-0.135,3.392621031,3.533875614,3.334140052,3.010150208,862.3333333
1988,KO,0.856522815,2.1793601,890,0.34149939,1.369210844,1.016083515,1.001901287,0.8708,-0.0487,0.15685,0.1348,0.14795,39.07317073,20.31428571,8.244,8.685,7.629,8.569666667,-1.55,-2.195666667,-0.135,-0.053666667,3.533875614,3.334140052,3.010150208,3.802549949,864.2050562
1989,KO,0.755903375,3.4424367,885,0.300052234,1.487602265,0.882512529,1.106188656,0.8986,0.0595,-0.0941,0.3493,0.0828,53.06944444,20.31428571,8.685,7.629,8.569666667,7.859,-2.195666667,-0.135,-0.053666667,-1.372333333,3.334140052,3.010150208,3.802549949,4.155865263,883
1990,KO,0.583014109,2.083313344,863,0.293148251,1.356339966,1.168897455,1.026111921,0.7338,-0.0058,0.03105,0.23885,0.1739,53.53947368,20.31428571,7.629,8.569666667,7.859,8.812,-0.135,-0.053666667,-1.372333333,0.689333333,3.010150208,3.802549949,4.155865263,4.271559929,845.9459459
1991,KO,0.775238964,4.684871549,880,0.320751325,1.418352731,0.956136649,1.046126419,0.8323,-0.01795,0.13655,0.21855,-0.14465,52.87209302,14,8.569666667,7.859,8.812,8.397,-0.053666667,-1.372333333,0.689333333,-0.692666667,3.802549949,4.155865263,4.271559929,4.235556925,881.3172043
1992,KO,0.881159132,2.131227081,857.5,0.370974457,1.362781569,0.9959531,1.032212842,0.816,0.0081,-0.0059,0.0642,-0.0534,55.53333333,53,7.859,8.812,8.397,9.071,-1.372333333,0.689333333,-0.692666667,-0.441333333,4.155865263,4.271559929,4.235556925,3.803043571,881.5254237
1993,KO,0.641384584,2.009125538,850,0.359396502,1.423070853,1.070303366,1.082715192,0.8149,-0.00045,-0.00375,0.21915,0.285,53.63043478,30,8.812,8.397,9.071,7.511666667,0.689333333,-0.692666667,-0.441333333,-1.949,4.271559929,4.235556925,3.803043571,3.894318333,871.2121212
1994,KO,0.835602626,0.472601605,862.5,0.315256272,1.398041889,1.002255794,0.978318221,0.8807,-0.01345,0.0736,0.31205,0.04025,51.47826087,11,8.397,9.071,7.511666667,7.315333333,-0.692666667,-0.441333333,-1.949,0.071333333,4.235556925,3.803043571,3.894318333,3.687387307,860.9705882
1995,KO,0.805752025,0.604066472,853,0.310333457,1.356484394,0.85126837,0.997372124,1.0448,0.0565,0.1207,0.2395,0.2566,47.70754717,17,9.071,7.511666667,7.315333333,8.506666667,-0.441333333,-1.949,0.071333333,2.320333333,3.803043571,3.894318333,3.687387307,3.198210782,858.7842466
1996,KO,0.809568793,0.844208858,860.5,0.335004382,1.333403324,0.912863296,1.034775521,0.9694,-0.043,-0.0098,0.12625,0.012,53,28,7.511666667,7.315333333,8.506666667,7.678,-1.949,0.071333333,2.320333333,-1.138,3.894318333,3.687387307,3.198210782,3.714729574,856.503268
1997,KO,0.83557758,1.385352139,847,0.284283135,1.26168964,1.049035251,1.0891441,0.9178,0.07065,-0.0153,0.10225,0.3489,51.22222222,16,7.315333333,8.506666667,7.678,8.973,0.071333333,2.320333333,-1.138,2.086333333,3.687387307,3.198210782,3.714729574,3.671482726,870.3525641
1998,KO,0.812404611,2.896086729,861.5,0.299663967,1.489205557,1.038605235,1.073640743,0.82365,0.00405,0.046,0.2521,0.2581,53.86206897,14,8.506666667,7.678,8.973,9.766666667,2.320333333,-1.138,2.086333333,0.832333333,3.198210782,3.714729574,3.671482726,4.061947926,843.5
1999,KO,0.755175864,4.255863168,834,0.294209923,1.336351076,0.970548484,1.108416052,0.86695,0.0412,0.0347,0.3182,0.0344,39.45977011,20.31428571,7.678,8.973,9.766666667,10.00666667,-1.138,2.086333333,0.832333333,1.806,3.714729574,3.671482726,4.061947926,3.97842419,843.4640523
2000,KO,0.584651482,12.16204337,857,0.285482759,1.397954257,1.263138076,0.925715289,0.7299,0.0417,0.1437,0.2188,-0.0277,51.17283951,21,8.973,9.766666667,10.00666667,9.256666667,2.086333333,0.832333333,1.806,-0.282333333,3.671482726,4.061947926,3.97842419,3.976750216,834.0697674
2001,KO,0.627748204,3.706041398,871,0.279904957,1.44579269,0.938949701,0.906909242,0.8734,-0.0178,-0.0141,0.2573,0.0233,47.35964912,20.31428571,9.766666667,10.00666667,9.256666667,8.621,0.832333333,1.806,-0.282333333,-2.146,4.061947926,3.97842419,3.976750216,3.795776189,840.2962963
2002,KO,0.630192806,2.603412038,839.5,0.313147405,1.440023062,1.073294719,0.923789827,0.74,-0.0067,-0.0811,0.0615,0.0219,54.12359551,22,10.00666667,9.256666667,8.621,9.235666667,1.806,-0.282333333,-2.146,-5.076666667,3.97842419,3.976750216,3.795776189,3.63939791,845.6642336
2003,KO,0.655404382,1.974800635,858,0.333248722,1.461688244,1.029747098,1.089918891,0.7657,-0.0271,0.2045,0.08515,-0.04345,58.13483146,55,9.256666667,8.621,9.235666667,8.672,-0.282333333,-2.146,-5.076666667,-2.63,3.976750216,3.795776189,3.63939791,3.009273758,845.5704225
2004,KO,0.640408735,1.161280567,876.5,0.356129392,1.411989999,1.079190839,1.197439351,0.7837,0.0091,-0.06085,0.096,0.02945,56.18681319,41,8.621,9.235666667,8.672,7.866333333,-2.146,-5.076666667,-2.63,-4.522666667,3.795776189,3.63939791,3.009273758,3.91171874,838.2285714
2005,KO,0.656014619,0.58285169,856.5,0.357338752,1.470221487,0.997579755,1.030970253,1.1033,-0.02385,0.0869,0.23645,0.1943,52.13186813,18,9.235666667,8.672,7.866333333,8.478666667,-5.076666667,-2.63,-4.522666667,-1.941666667,3.63939791,3.009273758,3.91171874,3.666082985,810.9888889
2006,KO,0.896228818,1.119324735,842,0.376185852,1.418392279,1.116887368,1.150579876,1.0737,-0.0011,0.0722,0.1531,0.1299,54.05555556,17,8.672,7.866333333,8.478666667,7.705333333,-2.63,-4.522666667,-1.941666667,-5.592,3.009273758,3.91171874,3.666082985,3.641450374,838.4911661
1990,AY,0.57241493,,840,0.370390367,1.435205178,1.005431202,0.994759313,0.7437,-0.0192,0.2989,-0.1475,-0.0022,48.60674157,1,7.629,8.569666667,7.859,8.812,-0.135,-0.053666667,-1.372333333,0.689333333,3.010150208,3.802549949,4.155865263,4.271559929,867.7116279
1991,AY,0.403104336,,830,0.373638323,1.4379695,1.139036905,1.091281797,0.76715,0.0496,0.0816,0.32175,-0.00425,45.42314922,0.870967742,8.569666667,7.859,8.812,8.397,-0.053666667,-1.372333333,0.689333333,-0.692666667,3.802549949,4.155865263,4.271559929,4.235556925,820.5737705
1992,AY,0.540900512,,805,0.333257544,1.333284414,1.147342467,1.121823453,0.753,-0.0153,0.0336,0.10045,0.18475,46.13333333,3,7.859,8.812,8.397,9.071,-1.372333333,0.689333333,-0.692666667,-0.441333333,4.155865263,4.271559929,4.235556925,3.803043571,857.7272727
1993,AY,0.423970889,,860,0.390650322,1.558567232,1.107593557,1.15029074,0.8688,0.04985,0.02795,0.1281,0.2586,46.13333333,3,8.812,8.397,9.071,7.511666667,0.689333333,-0.692666667,-0.441333333,-1.949,4.271559929,4.235556925,3.803043571,3.894318333,832.1582734
1994,AY,0.514991371,0.426716633,837.5,0.350076848,1.466284545,1.109319141,1.110948214,0.8187,0.0652,0.01005,0.3046,0.1372,43.61956522,0,8.397,9.071,7.511666667,7.315333333,-0.692666667,-0.441333333,-1.949,0.071333333,4.235556925,3.803043571,3.894318333,3.687387307,823.3333333
1995,AY,0.815545389,0.809822662,870,0.39149997,1.470742081,0.891974425,1.047766959,0.92575,0.0038,0.08565,0.15475,0.0183,43.27380952,0,9.071,7.511666667,7.315333333,8.506666667,-0.441333333,-1.949,0.071333333,2.320333333,3.803043571,3.894318333,3.687387307,3.198210782,828.8333333
1996,AY,0.689029525,0.503561238,800,0.339384404,1.36363172,1.024279734,1.110442133,0.7696,0.02085,0.0464,0.3307,0.46785,46.34782609,1,7.511666667,7.315333333,8.506666667,7.678,-1.949,0.071333333,2.320333333,-1.138,3.894318333,3.687387307,3.198210782,3.714729574,743.2945205
1997,AY,0.776418443,1.272634912,840,0.365935372,1.31472198,1.033211401,1.060345818,0.9008,0.0073,-0.0243,0.1389,0.0872,43.98876404,0,7.315333333,8.506666667,7.678,8.973,0.071333333,2.320333333,-1.138,2.086333333,3.687387307,3.198210782,3.714729574,3.671482726,762.5496689
1998,AY,0.667942961,1.318976181,845,0.330617043,1.438110016,1.143899335,1.097812339,0.89865,0.02555,0.02675,0.04565,0.10035,43.55434783,0,8.506666667,7.678,8.973,9.766666667,2.320333333,-1.138,2.086333333,0.832333333,3.198210782,3.714729574,3.671482726,4.061947926,772.6388889
1999,AY,0.306289022,1.601996994,842.5,0.331791978,1.356120868,1.076687389,1.132921595,0.80765,-0.00825,0.0654,0.1282,-0.0423,45.29850746,0.870967742,7.678,8.973,9.766666667,10.00666667,-1.138,2.086333333,0.832333333,1.806,3.714729574,3.671482726,4.061947926,3.97842419,812.2058824
2000,AY,0.527936935,4.327765192,840,0.340766253,1.459529532,1.232537273,0.989596655,0.7708,-0.0013,0.0927,0.117,-0.0105,42.66304348,0,8.973,9.766666667,10.00666667,9.256666667,2.086333333,0.832333333,1.806,-0.282333333,3.671482726,4.061947926,3.97842419,3.976750216,759.2755102
2001,AY,0.388975022,3.097545966,810,0.341488693,1.499025236,1.192514394,1.100254794,0.7463,-0.0056,0.04655,0.1168,0.02935,44.16304348,0,9.766666667,10.00666667,9.256666667,8.621,0.832333333,1.806,-0.282333333,-2.146,4.061947926,3.97842419,3.976750216,3.795776189,861.9493671
2002,AY,0.521034578,1.049223336,830,0.330410115,1.335340037,1.167708574,1.003063686,0.7575,0.0663,0.126,0.2213,0.0121,45.78888889,1,10.00666667,9.256666667,8.621,9.235666667,1.806,-0.282333333,-2.146,-5.076666667,3.97842419,3.976750216,3.795776189,3.63939791,771.5217391
2003,AY,0.494748724,1.864606422,830,0.322657467,1.410615523,1.005734493,0.936965494,0.84215,-0.0023,0.0287,0.1079,0.09065,48.93478261,2,9.256666667,8.621,9.235666667,8.672,-0.282333333,-2.146,-5.076666667,-2.63,3.976750216,3.795776189,3.63939791,3.009273758,779.7440945
2004,AY,0.737450927,0.148262053,830,0.33692775,1.364218009,1.052570124,1.044497917,0.8262,-0.0104,0.03235,0.02435,-0.00985,48.93478261,2,8.621,9.235666667,8.672,7.866333333,-2.146,-5.076666667,-2.63,-4.522666667,3.795776189,3.63939791,3.009273758,3.91171874,755.8474576
2005,AY,0.321030608,1.495111789,830,0.34343105,1.471461493,1.100817849,1.036547929,0.9864,-0.0292,0.0185,0.0122,0.1224,43.47826087,0,9.235666667,8.672,7.866333333,8.478666667,-5.076666667,-2.63,-4.522666667,-1.941666667,3.63939791,3.009273758,3.91171874,3.666082985,771.8298969
2006,AY,0.466477297,0.610439163,805.5,0.303041793,1.383357005,0.945721691,1.169259455,1.0137,-0.02365,-0.1763,0.16395,0.2938,45.79347826,0,8.672,7.866333333,8.478666667,7.705333333,-2.63,-4.522666667,-1.941666667,-5.592,3.009273758,3.91171874,3.666082985,3.641450374,772.5925926
1986,KL,0.856855652,,980,0.369325911,1.20323085,1.10117873,1.225354785,1.0892,-0.0517,0.0577,0.11905,0.2801,52.9673913,8,9.26,9.303333333,9.209,9.338333333,2.392333333,2.644,2.588,2.952333333,3.162825784,3.392621031,3.533875614,3.334140052,983
1988,KL,0.926450813,1.322143645,1015,0.332179577,1.142940326,1.050420902,1.175413116,1.0753,0.0116,0.19695,0.1125,0.12035,54.50574713,21,9.209,9.338333333,8.515333333,9.528,2.588,2.952333333,3.187,3.767666667,3.533875614,3.334140052,3.010150208,3.802549949,1005.708738
1989,KL,0.818879194,1.234687547,1007.5,0.316202997,1.140395137,1.175219228,1.309335671,1.0635,0.03095,0.26005,-0.0083,0.04805,53.92391304,13,9.338333333,8.515333333,9.528,8.876666667,2.952333333,3.187,3.767666667,2.428333333,3.334140052,3.010150208,3.802549949,4.155865263,987.3185484
1990,KL,0.810104584,1.5442675,1010,0.342751374,1.253647556,1.120395144,1.276535051,1.11185,-0.03075,0.10925,0.10865,0.3072,52.27472527,5,8.515333333,9.528,8.876666667,9.364333333,3.187,3.767666667,2.428333333,3.3,3.010150208,3.802549949,4.155865263,4.271559929,937.107438
1991,KL,0.774268988,2.197990369,1020,0.32713315,1.090242112,1.100958871,1.314564532,1.2209,0.02725,0.31365,0.07705,0.35395,54.3968254,15.31428571,9.528,8.876666667,9.364333333,8.732333333,3.767666667,2.428333333,3.3,2.495666667,3.802549949,4.155865263,4.271559929,4.235556925,961.8939394
1992,KL,0.758601615,1.168182261,1012.5,0.32032381,1.141128976,1.171224824,1.502739944,1.0563,-0.03825,0.05425,0.15605,0.04545,54.20879121,25,8.876666667,9.364333333,8.732333333,10.22266667,2.428333333,3.3,2.495666667,3.865333333,4.155865263,4.271559929,4.235556925,3.803043571,968.4299517
1993,KL,0.804789348,1.070445111,977.5,0.355342806,1.152711771,1.084126224,1.230595071,1.1406,-0.02835,0.1576,-0.0023,0.1175,51.5326087,18,9.364333333,8.732333333,10.22266667,8.927333333,3.3,2.495666667,3.865333333,2.172333333,4.271559929,4.235556925,3.803043571,3.894318333,980.3317536
1994,KL,0.830677588,1.693137917,990,0.309505985,1.244682544,1.186047382,1.385901498,0.9881,-0.0155,0.1087,0.0544,0.2267,53.36956522,12,8.732333333,10.22266667,8.927333333,7.977,2.495666667,3.865333333,2.172333333,2.712666667,4.235556925,3.803043571,3.894318333,3.687387307,1004.525692
1995,KL,0.79879035,2.095013845,995,0.358523271,1.126031968,1.146308439,1.293431689,1.21125,-0.03478998,0.24905,0.0824,0.2952,52.69662921,3,10.22266667,8.927333333,7.977,8.703,3.865333333,2.172333333,2.712666667,4.244,3.803043571,3.894318333,3.687387307,3.198210782,990.0458716
1996,KL,0.816807123,1.442024873,975,0.322489998,1.2117562,1.138345978,1.372520749,1.0293,-0.0076,0.0707,-0.04305,0.4197,55.36956522,32,8.927333333,7.977,8.703,8.773666667,2.172333333,2.712666667,4.244,2.602666667,3.894318333,3.687387307,3.198210782,3.714729574,969.5219124
1997,KL,0.798184872,2.096088531,1020,0.31076702,1.140902594,1.115797926,1.417195288,1.0792,-0.00955,0.22255,0.0514,-0.16525,52.19565217,8,7.977,8.703,8.773666667,10.18666667,2.712666667,4.244,2.602666667,4.649,3.687387307,3.198210782,3.714729574,3.671482726,988.0208333
1998,KL,0.824599526,2.780943711,,0.323450537,1.166265941,1.17449013,1.248202588,1.02645,-0.0517,0.26685,-0.06925,0.1139,53.83695652,16,8.703,8.773666667,10.18666667,10.21866667,4.244,2.602666667,4.649,3.149,3.198210782,3.714729574,3.671482726,,994.2028986
1999,KL,0.709378364,2.927717162,1005,0.3309688,1.063512918,1.135615498,1.2713639,1.1005,-0.0408,0.2592,0.19775,0.1709,53.21212121,15.31428571,8.773666667,10.18666667,10.21866667,11.21466667,2.602666667,4.649,3.149,3.942666667,3.714729574,3.671482726,4.061947926,3.97842419,971.5849057
2000,KL,0.701181777,1.817867287,1010,0.320414775,1.130572671,1.102003796,1.226509455,1.0087,-0.06535,0.39465,0.3003,0.2817,54.55434783,20,10.18666667,10.21866667,11.21466667,10.52566667,4.649,3.149,3.942666667,2.858666667,3.671482726,4.061947926,3.97842419,3.976750216,966.2987013
2001,KL,0.613163514,2.379654537,970,0.373965815,1.136762559,1.059882159,1.278980943,1.1182,-0.0622,0.0758,0.1296,-0.0768,53.29347826,12,10.21866667,11.21466667,10.52566667,8.94,3.149,3.942666667,2.858666667,1.864333333,4.061947926,3.97842419,3.976750216,3.795776189,972.3357143
2002,KL,0.736982763,1.185764012,995,0.309558011,1.090021108,1.097329517,1.286611903,1.0955,0.0266,-0.0641,0.0487,0.0027,54.77173913,26,11.21466667,10.52566667,8.94,9.28,3.942666667,2.858666667,1.864333333,2.004333333,3.97842419,3.976750216,3.795776189,3.63939791,932.5789474
2003,KL,0.601713371,0.368411441,1015,0.349694726,1.117367296,1.088755804,1.379586343,1.0087,0.03165,0.04315,0.096,0.18245,56.45652174,42,10.52566667,8.94,9.28,8.255333333,2.858666667,1.864333333,2.004333333,2.160333333,3.976750216,3.795776189,3.63939791,3.009273758,891.6131528
2004,KL,0.585558241,0.507878387,980,0.321613985,1.25926562,1.148224654,1.231669116,0.9632,-0.02345,0.2314,0.1258,0.48885,55.43478261,32,8.94,9.28,8.255333333,8.537666667,1.864333333,2.004333333,2.160333333,2.934,3.795776189,3.63939791,3.009273758,3.91171874,964
2005,KL,0.742165411,0.444564426,995,0.357621734,1.051797044,1.07620775,1.336407176,1.0968,-0.0008,0.07545,0.04745,0.112,46.62121212,1,9.28,8.255333333,8.537666667,8.047,2.004333333,2.160333333,2.934,2.924,3.63939791,3.009273758,3.91171874,3.666082985,984.9433962
2006,KL,0.462803055,0.720300066,975,0.324418751,1.190982091,1.101762542,1.329237003,0.9231,0.0175,0.06915,0.2189,0.1204,54.35869565,15,8.255333333,8.537666667,8.047,7.924666667,2.160333333,2.934,2.924,1.211333333,3.009273758,3.91171874,3.666082985,3.641450374,926.6412214
1986,KE,0.794506399,1.196802769,905,0.268013532,1.202826751,1.0396338,1.170777899,1.0448,0.0149,-0.03225,-0.0086,0.13935,52.9673913,8,9.26,9.303333333,9.209,9.338333333,2.392333333,2.644,2.588,2.952333333,3.162825784,3.392621031,3.533875614,3.334140052,909.7619048
1988,KE,0.79069675,1.231936025,920,0.2600488,1.155277963,1.094153667,1.154635625,1.1085,0.0622,0.2131,0.15785,0.2368,53.33619043,15.31428571,9.209,9.338333333,8.515333333,9.528,2.588,2.952333333,3.187,3.767666667,3.533875614,3.334140052,3.010150208,3.802549949,951.8181818
1989,KE,0.744745385,1.506272447,980,0.286021751,1.250469563,1.107978814,1.244843162,1.231,0.0318,0.0286,0.02385,0.1362,53.33619043,15.31428571,9.338333333,8.515333333,9.528,8.876666667,2.952333333,3.187,3.767666667,2.428333333,3.334140052,3.010150208,3.802549949,4.155865263,947.9136691
1990,KE,0.76857279,1.689058777,925,0.260016729,1.163127963,1.135396015,1.200353413,1.12505,0.02125,0.0814,0.07235,0.0541,52.27472527,5,8.515333333,9.528,8.876666667,9.364333333,3.187,3.767666667,2.428333333,3.3,3.010150208,3.802549949,4.155865263,4.271559929,886.9877049
1991,KE,0.607286963,1.35254942,975,0.268371485,1.164066169,1.159424364,1.319154142,1.0171,0.04445,-0.04195,0.09125,0.2705,54.3968254,15.31428571,9.528,8.876666667,9.364333333,8.732333333,3.767666667,2.428333333,3.3,2.495666667,3.802549949,4.155865263,4.271559929,4.235556925,896.4477612
1992,KE,0.509881476,0.940006922,960,0.263493674,1.089066007,1.111134188,1.467965401,1.05295,0.031,0.0085,0.03955,0.2565,54.20879121,25,8.876666667,9.364333333,8.732333333,10.22266667,2.428333333,3.3,2.495666667,3.865333333,4.155865263,4.271559929,4.235556925,3.803043571,890.2849741
1993,KE,0.536218684,1.746580302,975,0.278323661,1.199768186,1.206454345,1.339262609,1.1361,0.00265,0.00975,0.0866,0.05625,51.5326087,18,9.364333333,8.732333333,10.22266667,8.927333333,3.3,2.495666667,3.865333333,2.172333333,4.271559929,4.235556925,3.803043571,3.894318333,909.0677966
1994,KE,0.492183586,1.704708083,945,0.306347037,1.257526678,1.177735771,1.470323155,0.9828,-0.056,0.0199,0.10315,0.41985,53.36956522,12,8.732333333,10.22266667,8.927333333,7.977,2.495666667,3.865333333,2.172333333,2.712666667,4.235556925,3.803043571,3.894318333,3.687387307,903.3333333
1995,KE,0.713332076,1.370080648,980,0.326918361,1.264217915,1.063811377,1.333369057,1.05515,0.00025,0.17725,0.1935,0.1725,52.69662921,3,10.22266667,8.927333333,7.977,8.703,3.865333333,2.172333333,2.712666667,4.244,3.803043571,3.894318333,3.687387307,3.198210782,941.5804598
1996,KE,0.632444013,1.605973129,990,0.313943589,1.19057499,1.134247915,1.380891593,1.10115,-0.01545,0.0107,0.10845,0.2527,55.36956522,32,8.927333333,7.977,8.703,8.773666667,2.172333333,2.712666667,4.244,2.602666667,3.894318333,3.687387307,3.198210782,3.714729574,894.7393365
1997,KE,0.855991015,2.619349777,1005,0.272404104,1.228871582,1.114190873,1.270061288,1.2429,0.00605,-0.07235,0.0767,0.11715,52.19565217,8,7.977,8.703,8.773666667,10.18666667,2.712666667,4.244,2.602666667,4.649,3.687387307,3.198210782,3.714729574,3.671482726,921.4032258
1998,KE,0.756467416,2.718322524,1012.5,0.27906928,1.310503551,1.112123813,1.325555145,1.1899,-0.0498,0.0331,-0.02585,0.1226,53.83695652,16,8.703,8.773666667,10.18666667,10.21866667,4.244,2.602666667,4.649,3.149,3.198210782,3.714729574,3.671482726,4.061947926,907.16
1999,KE,0.649303365,2.407301315,975,0.291491465,1.188536107,1.165646453,1.342274724,1.0328,-0.04765,0.04165,0.08945,0.08765,53.21212121,15.31428571,8.773666667,10.18666667,10.21866667,11.21466667,2.602666667,4.649,3.149,3.942666667,3.714729574,3.671482726,4.061947926,3.97842419,900.4109589
2000,KE,0.61318057,1.814924664,970,0.235113273,1.25562303,1.180539888,1.170524136,1.1107,0.0195,0.0376,0.0699,0.15035,54.55434783,20,10.18666667,10.21866667,11.21466667,10.52566667,4.649,3.149,3.942666667,2.858666667,3.671482726,4.061947926,3.97842419,3.976750216,895.9895833
2001,KE,0.427055934,2.272315454,960,0.296284454,1.282509464,1.144553067,1.21067202,0.9368,0.0067,0.0313,0.0466,0.1748,53.29347826,12,10.21866667,11.21466667,10.52566667,8.94,3.149,3.942666667,2.858666667,1.864333333,4.061947926,3.97842419,3.976750216,3.795776189,912.7340426
2002,KE,0.481217386,1.5548571,960,0.27119294,1.229681232,1.188618664,1.424840498,1.0888,0.00175,0.06485,0.0839,0.15285,54.77173913,26,11.21466667,10.52566667,8.94,9.28,3.942666667,2.858666667,1.864333333,2.004333333,3.97842419,3.976750216,3.795776189,3.63939791,906.804878
2003,KE,0.306328341,0.511031297,1000,0.278630887,1.232511133,1.089062411,1.38331222,0.8165,0.02895,0.0488,-0.1513,0.03695,56.45652174,42,10.52566667,8.94,9.28,8.255333333,2.858666667,1.864333333,2.004333333,2.160333333,3.976750216,3.795776189,3.63939791,3.009273758,928.9316239
2004,KE,0.422960216,0.443690031,960,0.257069764,1.271927545,1.016094088,1.464456409,1.1104,0.0042,0.1966,0.17545,0.4843,55.43478261,32,8.94,9.28,8.255333333,8.537666667,1.864333333,2.004333333,2.160333333,2.934,3.795776189,3.63939791,3.009273758,3.91171874,967.1153846
2005,KE,0.62071658,0.524766779,985,0.325273782,1.230748964,1.040978543,1.314672383,1.2003,-0.0351,-0.1633,0.1555,0.058,46.62121212,1,9.28,8.255333333,8.537666667,8.047,2.004333333,2.160333333,2.934,2.924,3.63939791,3.009273758,3.91171874,3.666082985,936.5048077
2006,KE,0.541895507,0.699261119,990,0.25167158,1.264260783,1.10041954,1.366645361,1.1597,0.01535,0.01995,0.02085,0.28215,54.35869565,15,8.255333333,8.537666667,8.047,7.924666667,2.160333333,2.934,2.924,1.211333333,3.009273758,3.91171874,3.666082985,3.641450374,885.4424779
1981,TC,0.100339727,0.594219507,845,0.318816424,1.35506931,1.18119386,1.059755043,0.7554,-0.0622,0.0937,-0.0285,0.1252,55.98913043,30,11.663,11.54266667,10.00766667,10.20733333,3.717,3.702333333,3.551,3.855666667,2.537062986,2.748330382,3.068533283,3.077115749,829.8776824
1982,TC,0.50426986,2.144330565,850,0.302307863,1.222816597,1.106740906,1.062935744,0.9321,0.0392,0.0802,0.0386,0.0968,55.64130435,30,11.54266667,10.00766667,10.20733333,10.92133333,3.702333333,3.551,3.855666667,3.033,2.748330382,3.068533283,3.077115749,2.81431907,853.3298153
1983,TC,0.585666786,2.54222872,835,0.345095803,1.208726095,1.156025184,1.167010272,0.7646,-0.01225,0.00945,0.0735,0.0407,54.65217391,23,10.00766667,10.20733333,10.92133333,10.73633333,3.551,3.855666667,3.033,2.392333333,3.068533283,3.077115749,2.81431907,3.162825784,813.7692308
1984,TC,0.464318623,4.325162268,830,0.331931216,1.220725971,1.191600004,1.089153317,0.7243,0.0382,0.1612,0.1448,0.0614,53.02173913,15,10.20733333,10.92133333,10.73633333,10.96366667,3.855666667,3.033,2.392333333,2.644,3.077115749,2.81431907,3.162825784,3.392621031,735.15
1985,TC,0.680258433,2.037340741,860,0.327105156,1.337565011,1.122338743,1.016131461,0.75195,0.025,0.00975,0.1161,0.1157,55.13043478,20,10.92133333,10.73633333,10.96366667,10.939,3.033,2.392333333,2.644,2.588,2.81431907,3.162825784,3.392621031,3.533875614,767.0454545
1989,TC,0.230361677,0.976907012,820,0.335416039,1.259057108,1.321479431,0.988310012,0.8175,0.0225,0.024,0.1451,-0.0084,57.19565217,36,10.432,10.52166667,10.91366667,10.86633333,2.952333333,3.187,3.767666667,2.428333333,3.334140052,3.010150208,3.802549949,4.155865263,772.0415225
1990,TC,0.647729212,0.351257038,810,0.291572936,1.123288276,1.22036068,1.07761987,0.7935,0.0272,-0.0296,-0.0063,0.0894,54.92391304,29,10.52166667,10.91366667,10.86633333,10.50933333,3.187,3.767666667,2.428333333,3.3,3.010150208,3.802549949,4.155865263,4.271559929,788.75
1991,TC,0.649386466,3.188379102,835,0.297873222,1.286515189,1.226905099,1.039967877,0.8558,-0.0038,0.1351,0.2218,0.09515,55.77173913,28,10.91366667,10.86633333,10.50933333,10.52933333,3.767666667,2.428333333,3.3,2.495666667,3.802549949,4.155865263,4.271559929,4.235556925,738.6363636
1992,TC,0.31064906,1.565375323,840,0.317457134,1.278788186,1.238229295,1.091121308,0.80835,0.01835,0.1606,0.1528,0.0485,57.29347826,50,10.86633333,10.50933333,10.52933333,12.42,2.428333333,3.3,2.495666667,3.865333333,4.155865263,4.271559929,4.235556925,3.803043571,814.6078
1993,TC,0.211097894,0.248148282,810,0.343134145,1.153630507,1.214858135,1.142460708,0.8005,0.07425,0.1788,0.15585,0.07915,56.95652174,39,10.50933333,10.52933333,12.42,10.66766667,3.3,2.495666667,3.865333333,2.172333333,4.271559929,4.235556925,3.803043571,3.894318333,817.25375
1994,TC,0.438629942,0.550862161,830,0.341581953,1.222993718,1.288175671,1.100847009,0.8066,0.0328,0.0563,0.0891,0.0276,55.52173913,37,10.52933333,12.42,10.66766667,10.07666667,2.495666667,3.865333333,2.172333333,2.712666667,4.235556925,3.803043571,3.894318333,3.687387307,793.312204
1995,TC,0.378832257,1.328081873,850,0.328251325,1.351294737,1.261358674,1.090815123,0.8234,0.0388,0.1176,0.171,0.1523,55.23913043,31,12.42,10.66766667,10.07666667,10.49966667,3.865333333,2.172333333,2.712666667,4.244,3.803043571,3.894318333,3.687387307,3.198210782,713.3033033
1996,TC,0.391034983,0.765505415,830,0.32153817,1.267304156,1.246577004,1.223542052,0.7315,0.0544,0.0688,0.1535,0.0898,55.77173913,28,10.66766667,10.07666667,10.49966667,10.83733333,2.172333333,2.712666667,4.244,2.602666667,3.894318333,3.687387307,3.198210782,3.714729574,758.2384615
1997,TC,0.315218713,0.397690969,840,0.280971179,1.2047623,1.243244049,1.125321621,0.7222,0.03545,0.04585,0.04245,0.1684,55.85869565,38,10.07666667,10.49966667,10.83733333,11.18266667,2.712666667,4.244,2.602666667,4.649,3.687387307,3.198210782,3.714729574,3.671482726,815.7254902
1998,TC,0.39124667,1.234822065,825,0.300906945,1.278504935,1.228079885,1.088457174,0.78465,-0.01325,0.0669,0.15285,0.04355,55.70652174,29,10.49966667,10.83733333,11.18266667,11.30366667,4.244,2.602666667,4.649,3.149,3.198210782,3.714729574,3.671482726,4.061947926,826.4766355
1999,TC,0.36750812,5.030667156,790,0.332304593,1.299726421,1.132301991,1.184549528,0.6725,-0.0127,0.075,0.1578,0.0982,54.6,31.24390244,10.83733333,11.18266667,11.30366667,12.29633333,2.602666667,4.649,3.149,3.942666667,3.714729574,3.671482726,4.061947926,3.97842419,758.8018018
2000,TC,0.433161554,2.826655196,815,0.351916849,1.247341029,1.38999164,0.97427447,0.6604,-0.0249,0.1649,0.118,0.1594,55.47826087,28,11.18266667,11.30366667,12.29633333,12.30166667,4.649,3.149,3.942666667,2.858666667,3.671482726,4.061947926,3.97842419,3.976750216,786.0994764
2001,TC,0.140487659,1.053980356,830,0.326983443,1.271827282,1.238917966,0.942672009,0.72195,0.051,0.02785,0.0878,-0.0995,54.44565217,25,11.30366667,12.29633333,12.30166667,10.28533333,3.149,3.942666667,2.858666667,1.864333333,4.061947926,3.97842419,3.976750216,3.795776189,802.8931751
1985,CT,0.79657201,,867.5,0.304262382,1.465827697,1.20160792,0.992294035,0.8127,-0.0204,0.0852,0.0027,0.0813,56.7173913,51,4.76,4.057666667,5.475,5.820333333,-2.876,-6.438,-4.739333333,-3.283333333,2.81431907,3.162825784,3.392621031,3.533875614,883.8235294
1986,CT,0.446297864,,870,0.298584387,1.372247681,1.197253705,1.004110679,0.9327,-0.0015,0.0571,0.0058,0.0734,57.25,53,4.057666667,5.475,5.820333333,4.527,-6.438,-4.739333333,-3.283333333,-3.834333333,3.162825784,3.392621031,3.533875614,3.334140052,908.6363636
1987,CT,0.613272908,,875,0.32380631,1.415913977,1.158429504,1.038747918,0.8691,-0.0012,0.07975,-0.01195,0.0416,57.51086957,44,5.475,5.820333333,4.527,4.187333333,-4.739333333,-3.283333333,-3.834333333,-3.581,3.392621031,3.533875614,3.334140052,3.010150208,867.2222222
1989,CT,0.71966348,0.667078905,860,0.330446783,1.39432869,1.145573883,1.011896896,0.9263,0.0556,0.1538,0.1716,0.0583,59.29347826,62,4.527,4.187333333,5.208333333,5.589,-3.834333333,-3.581,-5.36,-4.999333333,3.334140052,3.010150208,3.802549949,4.155865263,860.212766
1990,CT,0.543908525,0.120933536,855,0.312876763,1.20648208,1.094062428,1.016511606,0.8308,0.0009,0.0334,0.0957,0.1123,55.79120879,46,4.187333333,5.208333333,5.589,7.025333333,-3.581,-5.36,-4.999333333,-5.029333333,3.010150208,3.802549949,4.155865263,4.271559929,880.9574468
1991,CT,0.750132211,1.073856258,870,0.297254918,1.30774152,1.145217496,1.046530759,0.8614,0.0226,0.0444,0.2268,0.1261,53.2,40,5.208333333,5.589,7.025333333,7.634333333,-5.36,-4.999333333,-5.029333333,-3.723,3.802549949,4.155865263,4.271559929,4.235556925,819.8957952
1992,CT,0.745785285,0.485237189,875,0.297045449,1.350461069,1.090336527,1.048030825,1.0309,0.0219,0.1511,0.1901,0.2505,56.63636364,66,5.589,7.025333333,7.634333333,8.344666667,-4.999333333,-5.029333333,-3.723,-2.815333333,4.155865263,4.271559929,4.235556925,3.803043571,852.2169811
1993,CT,0.693998373,0.519710096,820,0.326254904,1.191299872,1.089628391,1.170328219,0.8458,0.032,0.1358,0.23065,0.2953,56.76898111,45.02777778,7.025333333,7.634333333,8.344666667,7.435,-5.029333333,-3.723,-2.815333333,-4.557666667,4.271559929,4.235556925,3.803043571,3.894318333,836.7192982
1994,CT,0.635084264,0.234204166,852.5,0.324405768,1.265548839,1.119830822,1.085014441,0.85525,-0.00615,0.07015,0.03475,-0.0349,56.76898111,45.02777778,7.634333333,8.344666667,7.435,6.413666667,-3.723,-2.815333333,-4.557666667,-4.105,4.235556925,3.803043571,3.894318333,3.687387307,835.2892562
1995,CT,0.413980297,0.942050777,865,0.321226618,1.344568363,1.139510799,1.056078458,0.8681,0.0426,0.0493,0.06725,0.0617,58.10126582,45.02777778,8.344666667,7.435,6.413666667,6.804333333,-2.815333333,-4.557666667,-4.105,-5.43,3.803043571,3.894318333,3.687387307,3.198210782,849.2134831
1996,CT,0.250097705,0.942734946,877.5,0.309767378,1.332450514,1.194824075,1.11204824,0.925,0.0203,-0.0158,0.0966,-0.0432,57.0989011,65,7.435,6.413666667,6.804333333,7.591666667,-4.557666667,-4.105,-5.43,-7.101666667,3.894318333,3.687387307,3.198210782,3.714729574,810.2678571
1997,CT,0.670003666,0.408053887,890,0.319944896,1.255563816,1.260670957,1.034002827,0.8532,0.018,0.1423,0.1612,0.0635,56.48913043,44,6.413666667,6.804333333,7.591666667,6.473,-4.105,-5.43,-7.101666667,-4.465333333,3.687387307,3.198210782,3.714729574,3.671482726,856.6641566
1998,CT,0.621931045,0.60003248,860,0.311602361,1.294415254,1.136383346,0.9677963,0.8084,-0.0187,0.0952,0.1065,0.0759,56.30681818,29,6.804333333,7.591666667,6.473,7.168,-5.43,-7.101666667,-4.465333333,-2.771666667,3.198210782,3.714729574,3.671482726,4.061947926,856.9252874
1999,CT,0.343272546,1.351609082,855,0.323200315,1.355387321,1.081764215,1.134800775,0.77435,-0.015,0.01645,0.10085,0.0266,52.8,18,7.591666667,6.473,7.168,8.268666667,-7.101666667,-4.465333333,-2.771666667,-2.892333333,3.714729574,3.671482726,4.061947926,3.97842419,810.2469136
2000,CT,0.368638749,1.083995525,850,0.31936297,1.401286852,1.300524011,0.949818917,0.8582,0.0151,0.1493,0.0985,0.113,55.86956522,31,6.473,7.168,8.268666667,8.832,-4.465333333,-2.771666667,-2.892333333,-5.862,3.671482726,4.061947926,3.97842419,3.976750216,811.6307692
1994,UU,0.689835047,2.571034824,880,0.324820181,1.216438034,1.301864773,1.075540104,0.7688,-0.0075,0.0483,0.3436,0.0951,56.47826087,50,10.821,12.23666667,11.213,10.47166667,2.931,4.188333333,2.414666667,2.183,4.235556925,3.803043571,3.894318333,3.687387307,846.2810811
1995,UU,0.772390215,3.339775362,905,0.325353114,1.266908437,1.279885919,1.15382758,0.8087,-0.02635,0.041,0.0501,0.0155,55.25,30,12.23666667,11.213,10.47166667,10.486,4.188333333,2.414666667,2.183,1.997333333,3.803043571,3.894318333,3.687387307,3.198210782,906.6666667
1999,UU,0.65717707,2.569968697,845,0.349242287,1.155729424,1.145741442,1.10895986,0.6758,-0.0217,0.2202,-0.0338,0.34245,55.72972973,44.34146341,10.25033333,8.893333333,10.29366667,12.61433333,0.906,1.885333333,3.2,2.845,3.714729574,3.671482726,4.061947926,3.97842419,837.4302326
2000,UU,0.847271934,2.116078411,880,0.3007822,1.292434168,1.290632466,0.930244832,0.7226,0.0228,-0.0168,0.1292,0.1319,55.64130435,29,8.893333333,10.29366667,12.61433333,11.91266667,1.885333333,3.2,2.845,1.651666667,3.671482726,4.061947926,3.97842419,3.976750216,835.4607843
2001,UU,0.463980011,0.605058319,875,0.289288357,1.269990744,1.261986985,1.061965357,0.7001,0.03785,-0.08285,0.1093,0.20795,55.27173913,25,10.29366667,12.61433333,11.91266667,11.086,3.2,2.845,1.651666667,2.217666667,4.061947926,3.97842419,3.976750216,3.795776189,845.1246883
2002,UU,0.288274952,1.427559763,890,0.301406029,1.346118367,1.365632909,1.041520007,0.6969,0.0048,0.0478,0.139,0.0292,55.65217391,29,12.61433333,11.91266667,11.086,10.68833333,2.845,1.651666667,2.217666667,1.947333333,3.97842419,3.976750216,3.795776189,3.63939791,864.0343915
2003,UU,,0.771489984,900,0.30255,1.3577,1.3557,0.94275,0.7714,0.0121,-0.0112,0.1128,0.0359,59.61956522,69,11.91266667,11.086,10.68833333,10.222,1.651666667,2.217666667,1.947333333,0.954,3.976750216,3.795776189,3.63939791,3.009273758,831.5314136
1997,SK,0.610707361,1.027235603,825,0.31820046,1.212959811,1.189563688,1.048603295,0.8,0.0149,0.0243,0.1715,0.0632,56.14130435,41,10.07666667,10.49966667,10.83733333,11.18266667,2.712666667,4.244,2.602666667,4.649,3.687387307,3.198210782,3.714729574,3.671482726,822.5067961
1998,SK,0.462890406,2.282645397,830,0.306831165,1.353590059,1.330814822,1.083787194,0.7298,0.05945,0.0927,0.34465,-0.06165,55.17391304,28,10.49966667,10.83733333,11.18266667,11.30366667,4.244,2.602666667,4.649,3.149,3.198210782,3.714729574,3.671482726,4.061947926,816.5878378
1999,SK,0.549686231,3.298128481,835,0.322551934,1.420135825,1.149096048,1.09377345,0.7897,0.0221,0.0345,0.07505,0.19425,55.25373134,38.125,10.83733333,11.18266667,11.30366667,12.29633333,2.602666667,4.649,3.149,3.942666667,3.714729574,3.671482726,4.061947926,3.97842419,812.4428
2000,SK,0.472826363,4.61774568,835,0.32109972,1.38998884,1.278230897,1.040755157,0.7882,0.03035,0.06675,0.2937,0.02135,54.82608696,23,11.18266667,11.30366667,12.29633333,12.30166667,4.649,3.149,3.942666667,2.858666667,3.671482726,4.061947926,3.97842419,3.976750216,778.0308442
2001,SK,0.481305259,0.327752273,825,0.331309789,1.320953362,1.147787489,1.138568656,0.71155,-0.0075,0.10315,0.10765,0.21095,55.40217391,24,11.30366667,12.29633333,12.30166667,10.28533333,3.149,3.942666667,2.858666667,1.864333333,4.061947926,3.97842419,3.976750216,3.795776189,798.3434178
2002,SK,0.467715293,0.946864783,840,0.333059269,1.382661007,1.350278876,1.018202352,0.8395,0.0452,0.0499,0.2363,0.11855,55.85869565,31,12.29633333,12.30166667,10.28533333,10.85166667,3.942666667,2.858666667,1.864333333,2.004333333,3.97842419,3.976750216,3.795776189,3.63939791,824.2634731
2003,SK,0.486826357,0.432635484,830,0.337113293,1.266998203,1.232976525,0.994037424,0.8313,0.0086,0.053,0.1804,0.1205,58.94565217,69,12.30166667,10.28533333,10.85166667,10.04633333,2.858666667,1.864333333,2.004333333,2.160333333,3.976750216,3.795776189,3.63939791,3.009273758,786.373768
2004,SK,0.543864745,0.36066991,832.5,0.323012212,1.1956274,1.054711588,1.129410188,0.812,0.0134,0.1316,0.13595,0.06645,57.19565217,46,10.28533333,10.85166667,10.04633333,10.304,1.864333333,2.004333333,2.160333333,2.934,3.795776189,3.63939791,3.009273758,3.91171874,785.4039017
2005,SK,0.329410799,0.406673663,825,0.322451782,1.296512981,1.175300098,1.155001316,0.7624,0.01745,0.04155,0.102,0.1448,54.83695652,16,10.85166667,10.04633333,10.304,9.944,2.004333333,2.160333333,2.934,2.924,3.63939791,3.009273758,3.91171874,3.666082985,788.5561036
2006,SK,0.477014405,0.895564234,800,0.310676319,1.258401325,1.090590741,1.101413487,0.637,0.0403,0.1371,0.2193,0.105,55.52173913,22,10.04633333,10.304,9.944,9.968666667,2.160333333,2.934,2.924,1.211333333,3.009273758,3.91171874,3.666082985,3.641450374,817.2906977
2007,SK,0.312422256,2.212535709,815,0.349161062,1.386752442,1.188558023,0.971489087,0.7752,0.0619,0.1922,0.1032,0.1812,53.69565217,22,10.304,9.944,9.968666667,9.430333333,2.934,2.924,1.211333333,3.064666667,3.91171874,3.666082985,3.641450374,3.222191528,787.955665
2008,SK,0.495931818,1.131644661,815,0.287834153,1.22334161,1.097067511,1.044327682,0.768,0.00225,0.17615,0.1395,0.142,57.54347826,46,9.944,9.968666667,9.430333333,10.681,2.924,1.211333333,3.064666667,3.895,3.666082985,3.641450374,3.222191528,3.77147875,813.8235294
2009,SK,0.311206253,2.135999308,810,0.335151428,1.140976338,1.197917954,1.072810711,0.8088,0.00835,0.00345,0.10325,0.1677,55.40217391,34,9.968666667,9.430333333,10.681,12.63533333,1.211333333,3.064666667,3.895,4.658333333,3.641450374,3.222191528,3.77147875,3.870230498,789.4021739
1976,FY,0.81394252,,882,0.35414893,1.435997792,1.096067162,1.113630422,0.8947,0.0276,0.085,0.2723,0.1966,46.54462339,1.571428571,8.246333333,8.611333333,8.279,8.767666667,2.262666667,0.052,2.124333333,0.490333333,2.164834912,2.317875992,2.274249719,2.53690251,875.1650672
1977,FY,0.761877896,,877,0.351985437,1.452617905,1.063908946,1.002035621,1.0799,0.03835,0.0301,0.1421,0.30395,50.75,7,8.611333333,8.279,8.767666667,7.403,0.052,2.124333333,0.490333333,-0.105666667,2.317875992,2.274249719,2.53690251,2.569691889,876.8216667
1978,FY,0.810181643,,879,0.352290232,1.354810765,1.163053478,1.113276274,0.8877,0.0233,0.0941,0.3495,0.3156,47.58333333,4,8.279,8.767666667,7.403,8.722333333,2.124333333,0.490333333,-0.105666667,-1.586666667,2.274249719,2.53690251,2.569691889,2.537062986,855
1979,FY,0.710041063,,870,0.315023134,1.475826125,0.960464776,1.089757097,0.99875,-0.34945,0.34995,0.1519,0.3122,46.54462339,1.571428571,8.767666667,7.403,8.722333333,8.591666667,0.490333333,-0.105666667,-1.586666667,0.299666667,2.53690251,2.569691889,2.537062986,2.748330382,894.1751527
1980,FY,0.731502307,,850,0.370821875,1.192511952,1.100425609,1.097499738,0.8821,0.0393,0.2121,0.17835,0.2313,46.54462339,1.571428571,7.403,8.722333333,8.591666667,8.075666667,-0.105666667,-1.586666667,0.299666667,-0.774666667,2.569691889,2.537062986,2.748330382,3.068533283,883.7380952
1981,FY,0.695271443,1.894513758,860,0.327855993,1.482966974,1.067872421,1.030669739,1.0874,0.0646,-0.0181,0.16535,0.11725,46.54462339,1.571428571,8.722333333,8.591666667,8.075666667,8.036666667,-1.586666667,0.299666667,-0.774666667,0.959,2.537062986,2.748330382,3.068533283,3.077115749,894.936
1982,FY,0.634066212,1.007699937,865,0.340117753,1.476171792,1.00612503,1.156702218,0.9345,0.04705,0.021,0.1728,0.06925,46.54462339,1.571428571,8.591666667,8.075666667,8.036666667,8.756333333,0.299666667,-0.774666667,0.959,-1.046333333,2.748330382,3.068533283,3.077115749,2.81431907,889.625641
1983,FY,0.774802462,2.174615013,880,0.347102841,1.490415767,1.214333337,0.991007378,0.947,0.04075,-0.0396,0.28635,0.25895,47.8,7,8.075666667,8.036666667,8.756333333,8.066,-0.774666667,0.959,-1.046333333,0.060666667,3.068533283,3.077115749,2.81431907,3.162825784,878.9563492
1984,FY,0.697901467,2.339775928,900,0.340637818,1.364995231,1.12490657,1.17749711,0.9897,0.01895,0.08725,0.23625,0.0361,47.04347826,2,8.036666667,8.756333333,8.066,8.682666667,0.959,-1.046333333,0.060666667,-0.762333333,3.077115749,2.81431907,3.162825784,3.392621031,875.8510638
1985,FY,0.695308682,1.616352252,880,0.331869463,1.452627295,1.044394718,1.10633518,0.9725,0.0304,0.0023,0.06715,0.2466,46.54462339,1.571428571,8.756333333,8.066,8.682666667,8.244,-1.046333333,0.060666667,-0.762333333,-1.55,2.81431907,3.162825784,3.392621031,3.533875614,876.623298
1986,FY,0.733887465,2.318178039,870,0.338376933,1.347404195,1.160866537,1.165910322,0.9378,-0.0029,0.01375,0.16205,0.0815,48.24175824,3,8.066,8.682666667,8.244,8.685,0.060666667,-0.762333333,-1.55,-2.195666667,3.162825784,3.392621031,3.533875614,3.334140052,856.4622642
1987,FY,0.749144428,1.838723154,870,0.340847025,1.303716972,1.062757883,1.036815439,1.0423,0.0694,0.1167,0.23715,0.21045,44.01428571,0,8.682666667,8.244,8.685,7.629,-0.762333333,-1.55,-2.195666667,-0.135,3.392621031,3.533875614,3.334140052,3.010150208,865.7431271
1988,FY,0.696411818,2.283204716,862.5,0.325006608,1.395356378,1.092178025,1.113507484,0.998,0.03035,0.04935,0.19645,0.28485,38.51612903,0,8.244,8.685,7.629,8.569666667,-1.55,-2.195666667,-0.135,-0.053666667,3.533875614,3.334140052,3.010150208,3.802549949,888.0095087
1989,FY,0.606638273,4.385712107,855,0.341674002,1.432712767,0.986403629,1.101323011,0.91245,0.01695,0.06245,0.1838,0.20655,49.37974684,1,8.685,7.629,8.569666667,7.859,-2.195666667,-0.135,-0.053666667,-1.372333333,3.334140052,3.010150208,3.802549949,4.155865263,852.2978723
1990,FY,0.751746415,0.533068821,850,0.241887076,1.310645084,1.192699478,1.070881207,0.92135,-0.31085,0.07345,0.01645,-0.035701735,48.47222222,2,7.629,8.569666667,7.859,8.812,-0.135,-0.053666667,-1.372333333,0.689333333,3.010150208,3.802549949,4.155865263,4.271559929,897.940051
1991,FY,0.34913405,2.795126459,855,0.344470885,1.510424183,1.100002993,1.168616883,1.05715,-0.0057,0.1538,0.2812,0.23745225,46.54462339,1.571428571,8.569666667,7.859,8.812,8.397,-0.053666667,-1.372333333,0.689333333,-0.692666667,3.802549949,4.155865263,4.271559929,4.235556925,845.3666667
1992,FY,0.89274788,1.032123416,850,0.342995993,1.335579692,1.054698829,1.016889011,0.927093715,0.01615,0.05315,0.30295,0.15285,48.30232558,10,7.859,8.812,8.397,9.071,-1.372333333,0.689333333,-0.692666667,-0.441333333,4.155865263,4.271559929,4.235556925,3.803043571,869.1004739
1993,FY,0.522124414,1.080746773,865,0.355311104,1.430751459,1.100440544,1.112965257,0.8336,0.0343,0.0761,0.2333,0.2475,46.54462339,1.571428571,8.812,8.397,9.071,7.511666667,0.689333333,-0.692666667,-0.441333333,-1.949,4.271559929,4.235556925,3.803043571,3.894318333,866.8994413
1994,FY,0.866872089,0.799201516,845,0.336942766,1.400014474,0.955495355,0.993129333,0.96115,0.0614,0.06515,0.40964905,0.567834295,46.54462339,1.571428571,8.397,9.071,7.511666667,7.315333333,-0.692666667,-0.441333333,-1.949,0.071333333,4.235556925,3.803043571,3.894318333,3.687387307,846.4865772
1995,FY,0.687322209,0.976372949,855,0.332531245,1.472354027,0.847833606,1.070454087,1.0577,-0.0315,0.06075,0.16615,0.46395,46.54462339,1.571428571,9.071,7.511666667,7.315333333,8.506666667,-0.441333333,-1.949,0.071333333,2.320333333,3.803043571,3.894318333,3.687387307,3.198210782,851.8301887
1996,FY,0.914821171,1.421652477,855,0.323275218,1.337189536,0.921975007,1.083294722,0.96205,0.01815,0.38495,0.4311,0.3523,47.04,3,7.511666667,7.315333333,8.506666667,7.678,-1.949,0.071333333,2.320333333,-1.138,3.894318333,3.687387307,3.198210782,3.714729574,820.6506849
1997,FY,0.830630418,0.953200908,880,0.310830343,1.335140583,1.031431888,1.120654871,1.0523,0.0394,0.07865,0.3334,0.45445,46.26744186,0,7.315333333,8.506666667,7.678,8.973,0.071333333,2.320333333,-1.138,2.086333333,3.687387307,3.198210782,3.714729574,3.671482726,854.9480151
1998,FY,0.915144801,2.370717857,880,0.398976771,1.340337289,0.986032545,1.129322816,0.965,-0.0058,0.0868,0.2195,0.314428295,44.68478261,0,8.506666667,7.678,8.973,9.766666667,2.320333333,-1.138,2.086333333,0.832333333,3.198210782,3.714729574,3.671482726,4.061947926,844.9595142
1999,FY,0.816834392,1.090886436,855,0.336896756,1.281979225,0.950572809,1.108886442,0.94715,0.03425,0.0367,0.1715,0.33045,46.54462339,1.571428571,7.678,8.973,9.766666667,10.00666667,-1.138,2.086333333,0.832333333,1.806,3.714729574,3.671482726,4.061947926,3.97842419,869.7881356
2000,FY,0.625847111,2.903519002,857.5,0.329677128,1.430320229,1.218395195,1.067670808,0.7764,0.0295,0.0819,0.1155,0.171,43.48913043,0,8.973,9.766666667,10.00666667,9.256666667,2.086333333,0.832333333,1.806,-0.282333333,3.671482726,4.061947926,3.97842419,3.976750216,845.2925532
2001,FY,0.685191655,1.264927839,860,0.305662056,1.464286911,1.137535067,1.081918873,0.82755,0.03525,0.10295,0.13675,0.19765,45.67391304,0,9.766666667,10.00666667,9.256666667,8.621,0.832333333,1.806,-0.282333333,-2.146,4.061947926,3.97842419,3.976750216,3.795776189,861.6083333
2002,FY,0.857023584,0.871105904,850,0.349839006,1.338533626,1.090059368,1.012492905,0.8707,0.00445,0.17035,0.1879,0.25505,46.90243902,1,10.00666667,9.256666667,8.621,9.235666667,1.806,-0.282333333,-2.146,-5.076666667,3.97842419,3.976750216,3.795776189,3.63939791,866.2619048
2003,FY,0.785105573,0.962778467,855,0.33214346,1.405079976,0.992653506,0.986432556,0.9257,0.0416,0.0685,0.204,0.5024,50.43478261,1,9.256666667,8.621,9.235666667,8.672,-0.282333333,-2.146,-5.076666667,-2.63,3.976750216,3.795776189,3.63939791,3.009273758,878.7407407
2004,FY,0.882263216,0.439610994,850,0.334878086,1.225765225,1.010699112,0.994494614,0.9317,0.0477,0.07775,0.04095,0.23145,47.94382022,1,8.621,9.235666667,8.672,7.866333333,-2.146,-5.076666667,-2.63,-4.522666667,3.795776189,3.63939791,3.009273758,3.91171874,869.6463859
2005,FY,0.577078917,1.100414783,865,0.331726798,1.433020814,1.050750399,1.030142495,0.9306,0.0222,-0.0503,0.0675,0.2341,44.70454545,0,9.235666667,8.672,7.866333333,8.478666667,-5.076666667,-2.63,-4.522666667,-1.941666667,3.63939791,3.009273758,3.91171874,3.666082985,841.9377104
2006,FY,0.806919681,0.691645595,838,0.32511755,1.465364461,0.916114732,1.037496595,0.8405,0.0325,0.0094,0.2364,0.3031,47.76086957,1,8.672,7.866333333,8.478666667,7.705333333,-2.63,-4.522666667,-1.941666667,-5.592,3.009273758,3.91171874,3.666082985,3.641450374,843.2738095
2007,FY,0.863614962,1.137705768,837,0.354245354,1.372286268,0.965418335,0.947092833,0.8407,0.0143,0.1176,0.2406,0.459,43.96,0,7.866333333,8.478666667,7.705333333,7.736666667,-4.522666667,-1.941666667,-5.592,-3.612333333,3.91171874,3.666082985,3.641450374,3.222191528,847.7316736
2008,FY,0.644316251,1.177129946,839,0.346146073,1.35088781,1.05003279,1.030247672,0.9171,0.0129,0.0324,-0.0084,0.3934,46.94936709,0,8.478666667,7.705333333,7.736666667,8.811,-1.941666667,-5.592,-3.612333333,1.211,3.666082985,3.641450374,3.222191528,3.77147875,843.562406
1984,NC,0.588126399,0.802432629,882.5,0.340552194,1.373634421,1.052054064,1.182134745,1.02445,-0.05255,0.19995,-0.05745,0.1523,51.09782609,8,8.036666667,8.756333333,8.066,8.682666667,0.959,-1.046333333,0.060666667,-0.762333333,3.077115749,2.81431907,3.162825784,3.392621031,836.0808081
1985,NC,0.176395433,0.788814898,860,0.346448169,1.403321088,1.097897669,1.216613984,1.0217,-0.01215,-0.0321,0.1074,0.1665,51,8,8.756333333,8.066,8.682666667,8.244,-1.046333333,0.060666667,-0.762333333,-1.55,2.81431907,3.162825784,3.392621031,3.533875614,864.0434783
1987,NC,0.251096983,3.026702505,860,0.314214197,1.309424011,1.171690043,1.170323456,1.1015,-0.05255,0.03615,0.13265,0.23085,52.75,12,8.682666667,8.244,8.685,7.629,-0.762333333,-1.55,-2.195666667,-0.135,3.392621031,3.533875614,3.334140052,3.010150208,851.8441558
1988,NC,0.331863302,2.047872211,866,0.341643116,1.413629152,1.183716413,1.222614894,1.0106,-0.0015,0.12075,0.098,0.2778,53.85869565,17,8.244,8.685,7.629,8.569666667,-1.55,-2.195666667,-0.135,-0.053666667,3.533875614,3.334140052,3.010150208,3.802549949,833.7722222
1989,NC,0.341357795,0.909074537,872,0.343374618,1.383367647,0.993166392,1.221017606,0.9831,0.0133,0.0335,0.0314,0.2445,52.4673913,7,8.685,7.629,8.569666667,7.859,-2.195666667,-0.135,-0.053666667,-1.372333333,3.334140052,3.010150208,3.802549949,4.155865263,801.4636364
1990,NC,0.259602259,2.61259369,858,0.364797042,1.279806742,1.160908768,0.974647475,0.9977,-0.02925,0.05145,0.07655,0.1094,52.17391304,12,7.629,8.569666667,7.859,8.812,-0.135,-0.053666667,-1.372333333,0.689333333,3.010150208,3.802549949,4.155865263,4.271559929,735.8631579
1991,NC,0.371490725,0.856550278,863,0.364635582,1.50349436,1.106402968,1.285026505,1.0782,0.00695,0.09895,0.1137,0.35325,51.29347826,4,8.569666667,7.859,8.812,8.397,-0.053666667,-1.372333333,0.689333333,-0.692666667,3.802549949,4.155865263,4.271559929,4.235556925,763.4015152
1992,NC,0.287996275,1.711597836,850,0.351527748,1.362604037,1.242967229,1.233126384,0.9157,0.0077,0.0386,0.192,0.3068,52.80434783,23,7.859,8.812,8.397,9.071,-1.372333333,0.689333333,-0.692666667,-0.441333333,4.155865263,4.271559929,4.235556925,3.803043571,774.2157895
1993,NC,0.549723054,1.115983327,848,0.344626079,1.458411204,1.134928196,1.0550948,0.92495,0.07095,0.0208,0.1233,0.23155,50.59782609,12,8.812,8.397,9.071,7.511666667,0.689333333,-0.692666667,-0.441333333,-1.949,4.271559929,4.235556925,3.803043571,3.894318333,807.7700535
1994,NC,0.304374272,0.85071768,850,0.363586177,1.498971711,1.141779686,1.069412672,0.8762,0.00415,0.0566,0.16525,0.1369,52.93478261,12,8.397,9.071,7.511666667,7.315333333,-0.692666667,-0.441333333,-1.949,0.071333333,4.235556925,3.803043571,3.894318333,3.687387307,777.8319559
1995,NC,0.262485277,1.085149521,841,0.365731959,1.401548601,1.003900609,1.103155942,1.02815,0.00735,-0.00525,0.1095,0.16525,52.48913043,14,9.071,7.511666667,7.315333333,8.506666667,-0.441333333,-1.949,0.071333333,2.320333333,3.803043571,3.894318333,3.687387307,3.198210782,717.7714286
1996,NC,0.340353669,1.386120265,820,0.37132973,1.418260357,1.002398232,1.207330316,1.0395,0.03255,0.17725,0.0576,0.234,55.54347826,33,7.511666667,7.315333333,8.506666667,7.678,-1.949,0.071333333,2.320333333,-1.138,3.894318333,3.687387307,3.198210782,3.714729574,790.8015267
1997,NC,0.332148692,2.058565159,844,0.365382946,1.322203014,1.179241595,1.206704396,1.0785,0.03635,0.09355,0.2227,0.19615,51.13043478,9,7.315333333,8.506666667,7.678,8.973,0.071333333,2.320333333,-1.138,2.086333333,3.687387307,3.198210782,3.714729574,3.671482726,762.6869919
1998,NC,0.291894766,1.499737964,855,0.352704591,1.43489092,1.111988597,1.198483791,1.0761,-0.0048,0.0683,0.1034,0.1803,51.09782609,6,8.506666667,7.678,8.973,9.766666667,2.320333333,-1.138,2.086333333,0.832333333,3.198210782,3.714729574,3.671482726,4.061947926,799.0098361
1999,NC,0.382597539,2.100059306,830,0.326784019,1.328581292,1.125223858,1.269520686,0.9417,-0.0059,-0.03225,0.09485,0.29705,51.98461538,18.4047619,7.678,8.973,9.766666667,10.00666667,-1.138,2.086333333,0.832333333,1.806,3.714729574,3.671482726,4.061947926,3.97842419,812.5062893
2000,NC,0.501954317,1.637852482,831,0.356347651,1.338207558,1.193907558,1.088858579,0.8852,-0.01745,0.05935,0.05935,0.24895,53.60869565,16,8.973,9.766666667,10.00666667,9.256666667,2.086333333,0.832333333,1.806,-0.282333333,3.671482726,4.061947926,3.97842419,3.976750216,785.4516129
2001,NC,0.499171671,1.037669039,827,0.368920415,1.431063956,1.124652943,1.068739346,0.9332,0.0112,0.05615,0.16375,0.33655,54.20652174,18,9.766666667,10.00666667,9.256666667,8.621,0.832333333,1.806,-0.282333333,-2.146,4.061947926,3.97842419,3.976750216,3.795776189,800.5157895
2002,NC,0.426478665,1.208485952,820.5,0.354719478,1.374501034,1.1811836,1.042758835,1.0327,0.0353,0.0604,0.0478,0.0712,55.59782609,27,10.00666667,9.256666667,8.621,9.235666667,1.806,-0.282333333,-2.146,-5.076666667,3.97842419,3.976750216,3.795776189,3.63939791,747.843949
2003,NC,0.461436063,0.506773873,847,0.343266712,1.405934245,1.083336736,1.121387546,1.0329,0.0224,0.19115,0.1357,0.27725,57.80434783,53,9.256666667,8.621,9.235666667,8.672,-0.282333333,-2.146,-5.076666667,-2.63,3.976750216,3.795776189,3.63939791,3.009273758,804.8613445
2004,NC,0.4970282,0.456382581,840,0.322741047,1.340042379,1.024223249,1.127586764,1.03415,0.0618,0.09505,0.22375,0.34715,55.83695652,36,8.621,9.235666667,8.672,7.866333333,-2.146,-5.076666667,-2.63,-4.522666667,3.795776189,3.63939791,3.009273758,3.91171874,798.7813953
2005,NC,0.360399608,0.386939906,855,0.281154273,1.384477763,1.057847693,1.123266612,1.1102,0.0034,0.0187524,0.1257,0.3303,52.56521739,16,9.235666667,8.672,7.866333333,8.478666667,-5.076666667,-2.63,-4.522666667,-1.941666667,3.63939791,3.009273758,3.91171874,3.666082985,808.6510791
1981,UK,,,872.5,0.39635,1.395525,1.19425,1.15465,1.02015,0.0023,0.08255,0.2523,0.2325,57.21428571,23,8.722333333,8.591666667,8.075666667,8.036666667,-1.586666667,0.299666667,-0.774666667,0.959,2.537062986,2.748330382,3.068533283,3.077115749,865
1982,UK,,,855,0.36635,1.37145,1.04515,1.06435,0.9858,-0.0057,0.0807,0.1325,0.0509,52.1375,17,8.591666667,8.075666667,8.036666667,8.756333333,0.299666667,-0.774666667,0.959,-1.046333333,2.748330382,3.068533283,3.077115749,2.81431907,825.6388889
1983,UK,,,840,0.384525,1.322875,1.0666,1.123425,1.0286,-0.01735,0.14955,0.107,0.16625,49.42391304,9,8.075666667,8.036666667,8.756333333,8.066,-0.774666667,0.959,-1.046333333,0.060666667,3.068533283,3.077115749,2.81431907,3.162825784,860.6973684
1984,UK,,,865,0.36415,1.34745,1.1705,1.11495,0.963,0.0597,0.1035,0.1298,0.2279,50.92307692,23,8.036666667,8.756333333,8.066,8.682666667,0.959,-1.046333333,0.060666667,-0.762333333,3.077115749,2.81431907,3.162825784,3.392621031,877.7
1985,UK,,,870,0.351225,1.3963,1.0123,1.157925,1.0276,-0.02195,0.0186,0.09,0.12765,52.96703297,14,8.756333333,8.066,8.682666667,8.244,-1.046333333,0.060666667,-0.762333333,-1.55,2.81431907,3.162825784,3.392621031,3.533875614,868.7509728
1986,UK,,,877.5,0.31005,1.37925,1.1437,1.0673,0.8032,0.0937,0.0839,0.1604,0.1936,52.16343527,19.82051282,8.066,8.682666667,8.244,8.685,0.060666667,-0.762333333,-1.55,-2.195666667,3.162825784,3.392621031,3.533875614,3.334140052,875.376
1987,UK,,,864,0.36535,1.2987,1.0887,1.15605,1.0273,0.0177,-0.1448,0.2062,0.1785,54.34444444,22,8.682666667,8.244,8.685,7.629,-0.762333333,-1.55,-2.195666667,-0.135,3.392621031,3.533875614,3.334140052,3.010150208,868.962963
1988,UK,,,877.5,0.3468,1.3242,1.07985,1.0723,1.0229,-0.012,0.033,0.1333,0.1374,52.76086957,17,8.244,8.685,7.629,8.569666667,-1.55,-2.195666667,-0.135,-0.053666667,3.533875614,3.334140052,3.010150208,3.802549949,846.543956
1989,UK,,,882.5,0.3494,1.44045,1.0643,1.2122,1.029,-0.004,0.0183,0.0824,0.1976,56.8021978,49,8.685,7.629,8.569666667,7.859,-2.195666667,-0.135,-0.053666667,-1.372333333,3.334140052,3.010150208,3.802549949,4.155865263,837.6065574
1990,UK,,,855,0.3421,1.2052,1.18705,1.1651,1.0103,-0.0162,0.0488,0.3327,0.3738,44.41111111,18,7.629,8.569666667,7.859,8.812,-0.135,-0.053666667,-1.372333333,0.689333333,3.010150208,3.802549949,4.155865263,4.271559929,798.969697
1991,UK,,,890,0.389825,1.425075,0.986425,1.126375,1.07395,-0.00395,0.13815,0.18385,0.17375,46.90217391,16,8.569666667,7.859,8.812,8.397,-0.053666667,-1.372333333,0.689333333,-0.692666667,3.802549949,4.155865263,4.271559929,4.235556925,787.9176471
1992,UK,,,795,0.38155,1.50426534,1.13545,1.07855223,0.7837,0.0253,0.30456932,0.1341,0.27679554,53.90217391,20,7.859,8.812,8.397,9.071,-1.372333333,0.689333333,-0.692666667,-0.441333333,4.155865263,4.271559929,4.235556925,3.803043571,733.9285714
1993,UK,,,870,0.3953,1.4259,1.0586,1.14895,0.8943,0.0528,-0.0488,0.1678,0.2887,49.14130435,13,8.812,8.397,9.071,7.511666667,0.689333333,-0.692666667,-0.441333333,-1.949,4.271559929,4.235556925,3.803043571,3.894318333,827.7936508
1995,UK,,,875,0.36035,1.465125,0.960175,1.197825,1.0186,-0.0109,0.05855,0.02295,0.30505,49.95652174,11,9.071,7.511666667,7.315333333,8.506666667,-0.441333333,-1.949,0.071333333,2.320333333,3.803043571,3.894318333,3.687387307,3.198210782,880.6299213
2001,UK,,,803,0.18855,1.489775,1.23555,1.012575,0.8993,-0.3771,0.21485,0.3409,-0.03815,52.08695652,25,9.766666667,10.00666667,9.256666667,8.621,0.832333333,1.806,-0.282333333,-2.146,4.061947926,3.97842419,3.976750216,3.795776189,891.5714286
2005,UK,,,897.5,0.37095,1.482125,1.111975,1.189275,0.8528,-0.0601,0.00815,0.21425,0.45325,50.35555556,3,9.235666667,8.672,7.866333333,8.478666667,-5.076666667,-2.63,-4.522666667,-1.941666667,3.63939791,3.009273758,3.91171874,3.666082985,655.68
